date,open,high,low,close,volume,foreign_investor_net,investment_trust_net,dealer_net,stock_id,country,revenue,revenue_month,revenue_year,daily_revenue,MarginPurchaseBuy,MarginPurchaseCashRepayment,MarginPurchaseLimit,MarginPurchaseSell,MarginPurchaseTodayBalance,MarginPurchaseYesterdayBalance,Note,OffsetLoanAndShort,ShortSaleBuy,ShortSaleCashRepayment,ShortSaleLimit,ShortSaleSell,ShortSaleTodayBalance,ShortSaleYesterdayBalance,MarginPurchaseBalanceChange,ShortSaleBalanceChange
2025-01-02,501.0,507.0,498.0,505.0,2423114,-608922,830452,131281,3034,Taiwan,8480869000,1,2025,565391266.6666666,29,1,152127,64,2583,2619, ,0,0,0,152127,14,84,70,,
2025-01-03,505.0,505.0,494.5,494.5,2089658,-1194582,134000,80370,3034,Taiwan,8480869000,1,2025,565391266.6666666,85,1,152127,15,2652,2583, ,0,5,0,152127,66,145,84,69.0,61.0
2025-01-06,497.5,504.0,496.0,496.0,2013993,140754,-154906,122089,3034,Taiwan,8480869000,1,2025,565391266.6666666,106,2,152127,81,2675,2652, ,0,70,0,152127,1,76,145,23.0,-69.0
2025-01-07,499.0,509.0,499.0,503.0,2650185,1017892,-308209,34111,3034,Taiwan,8480869000,1,2025,565391266.6666666,57,0,152127,112,2620,2675, ,0,0,0,152127,6,82,76,-55.0,6.0
2025-01-08,503.0,510.0,502.0,506.0,1779232,737092,-232742,89403,3034,Taiwan,8480869000,1,2025,565391266.6666666,16,0,152127,60,2576,2620, ,0,1,0,152127,1,82,82,-44.0,0.0
2025-01-09,504.0,505.0,493.0,493.0,2243014,-1252207,42057,221784,3034,Taiwan,8480869000,1,2025,565391266.6666666,85,0,152127,49,2612,2576, ,0,6,0,152127,7,83,82,36.0,1.0
2025-01-10,490.0,495.5,488.0,488.0,1860353,-666308,159364,148072,3034,Taiwan,8480869000,1,2025,565391266.6666666,47,0,152127,24,2635,2612, ,0,1,0,152127,1,83,83,23.0,0.0
2025-01-13,486.0,488.0,481.0,484.0,2579726,-617056,257395,241212,3034,Taiwan,8480869000,1,2025,565391266.6666666,19,0,152127,53,2601,2635, ,0,8,0,152127,8,83,83,-34.0,0.0
2025-01-14,487.0,504.0,485.5,504.0,3517062,766251,151562,76591,3034,Taiwan,8480869000,1,2025,565391266.6666666,17,0,152127,79,2539,2601, ,0,0,0,152127,11,94,83,-62.0,11.0
2025-01-15,504.0,510.0,502.0,507.0,3305145,684666,56698,149891,3034,Taiwan,8480869000,1,2025,565391266.6666666,27,0,152127,34,2532,2539, ,0,6,0,152127,6,94,94,-7.0,0.0
2025-01-16,512.0,512.0,505.0,505.0,1974648,585498,-339904,106825,3034,Taiwan,8480869000,1,2025,565391266.6666666,15,1,152127,41,2505,2532, ,0,2,0,152127,3,95,94,-27.0,1.0
2025-01-17,505.0,511.0,501.0,506.0,3151213,1197937,-987521,224436,3034,Taiwan,8480869000,1,2025,565391266.6666666,21,0,152127,27,2499,2505, ,0,5,1,152127,1,90,95,-6.0,-5.0
2025-01-20,502.0,505.0,499.5,500.0,1661337,-274563,-37111,35327,3034,Taiwan,8480869000,1,2025,565391266.6666666,54,0,152127,10,2543,2499, ,0,1,0,152127,0,89,90,44.0,-1.0
2025-01-21,499.5,523.0,499.5,518.0,3225432,1623365,-54502,43261,3034,Taiwan,8480869000,1,2025,565391266.6666666,19,0,152127,194,2368,2543, ,0,5,0,152127,19,103,89,-175.0,14.0
2025-01-22,516.0,525.0,515.0,524.0,3062098,376863,165791,93744,3034,Taiwan,8480869000,1,2025,565391266.6666666,39,1,152127,83,2323,2368, ,0,0,0,152127,1,104,103,-45.0,1.0
2025-02-03,521.0,534.0,515.0,534.0,5380904,702991,791065,-32146,3034,Taiwan,9267233000,2,2025,487749105.2631579,98,1,152127,108,2312,2323, ,0,3,1,152127,22,122,104,-11.0,18.0
2025-02-04,537.0,547.0,533.0,539.0,4418956,414475,350711,163376,3034,Taiwan,9267233000,2,2025,487749105.2631579,60,0,152127,158,2214,2312, ,0,0,0,152127,4,126,122,-98.0,4.0
2025-02-05,543.0,543.0,531.0,539.0,4236732,949135,265686,-137807,3034,Taiwan,9267233000,2,2025,487749105.2631579,68,0,152127,115,2167,2214, ,0,26,0,152127,2,102,126,-47.0,-24.0
2025-02-06,544.0,554.0,541.0,547.0,4113474,2122127,-222857,-318326,3034,Taiwan,9267233000,2,2025,487749105.2631579,36,10,152127,183,2010,2167, ,0,0,0,152127,51,153,102,-157.0,51.0
2025-02-07,542.0,548.0,542.0,544.0,1462429,44891,-91950,76346,3034,Taiwan,9267233000,2,2025,487749105.2631579,74,1,152127,44,2039,2010, ,0,7,0,152127,0,146,153,29.0,-7.0
2025-02-10,541.0,545.0,533.0,538.0,2833618,946225,-550470,97201,3034,Taiwan,9267233000,2,2025,487749105.2631579,91,7,152127,33,2090,2039, ,0,47,6,152127,3,96,146,51.0,-50.0
2025-02-11,539.0,544.0,536.0,538.0,1595551,-84404,-42858,29494,3034,Taiwan,9267233000,2,2025,487749105.2631579,21,0,152127,38,2073,2090, ,0,1,0,152127,1,96,96,-17.0,0.0
2025-02-12,538.0,549.0,538.0,546.0,2564105,710745,-79887,176495,3034,Taiwan,9267233000,2,2025,487749105.2631579,190,0,152127,55,2208,2073, ,0,1,0,152127,8,103,96,135.0,7.0
2025-02-13,548.0,557.0,540.0,550.0,6467086,2133307,-250315,-425980,3034,Taiwan,9267233000,2,2025,487749105.2631579,80,15,152127,265,2008,2208, ,1,5,0,152127,8,106,103,-200.0,3.0
2025-02-14,553.0,554.0,545.0,545.0,2771977,409691,-148827,-3763,3034,Taiwan,9267233000,2,2025,487749105.2631579,52,0,152127,33,2027,2008, ,0,7,0,152127,5,104,106,19.0,-2.0
2025-02-17,545.0,549.0,541.0,543.0,2334667,5366,-68368,-101950,3034,Taiwan,9267233000,2,2025,487749105.2631579,41,0,152127,37,2031,2027, ,0,4,0,152127,2,102,104,4.0,-2.0
2025-02-18,545.0,546.0,538.0,543.0,2548881,673216,-341546,38815,3034,Taiwan,9267233000,2,2025,487749105.2631579,33,0,152127,37,2027,2031, ,0,12,0,152127,1,91,102,-4.0,-11.0
2025-02-19,545.0,546.0,538.0,542.0,2453674,918496,-868629,-75311,3034,Taiwan,9267233000,2,2025,487749105.2631579,30,0,152127,24,2033,2027, ,0,6,0,152127,1,86,91,6.0,-5.0
2025-02-20,545.0,545.0,539.0,540.0,2095612,434140,-260096,103916,3034,Taiwan,9267233000,2,2025,487749105.2631579,23,0,152127,13,2043,2033, ,0,5,0,152127,0,81,86,10.0,-5.0
2025-02-21,545.0,551.0,541.0,545.0,3132334,1101251,-98883,-32797,3034,Taiwan,9267233000,2,2025,487749105.2631579,67,0,152127,53,2057,2043, ,1,2,0,152127,1,80,81,14.0,-1.0
2025-02-24,541.0,554.0,541.0,552.0,2235850,1240157,-251909,20571,3034,Taiwan,9267233000,2,2025,487749105.2631579,34,0,152127,104,1987,2057, ,0,0,0,152127,9,89,80,-70.0,9.0
2025-02-25,549.0,555.0,549.0,552.0,2564834,664282,-82722,58933,3034,Taiwan,9267233000,2,2025,487749105.2631579,38,1,152127,28,1996,1987, ,0,0,0,152127,2,91,89,9.0,2.0
2025-02-26,550.0,551.0,543.0,550.0,2468102,361984,-98388,6304,3034,Taiwan,9267233000,2,2025,487749105.2631579,22,0,152127,20,1998,1996, ,1,0,0,152127,3,94,91,2.0,3.0
2025-02-27,553.0,553.0,545.0,545.0,2714660,-90199,81063,141570,3034,Taiwan,9267233000,2,2025,487749105.2631579,22,0,152127,39,1981,1998, ,0,4,0,152127,3,93,94,-17.0,-1.0
2025-03-03,550.0,550.0,542.0,547.0,1813722,-331660,446649,135799,3034,Taiwan,9372100000,3,2025,446290476.1904762,18,0,152127,10,1989,1981, ,0,3,0,152127,2,92,93,8.0,-1.0
2025-03-04,538.0,543.0,534.0,540.0,3326128,443070,297485,53367,3034,Taiwan,9372100000,3,2025,446290476.1904762,28,0,152127,26,1991,1989, ,0,22,0,152127,1,71,92,2.0,-21.0
2025-03-05,542.0,551.0,540.0,545.0,1741158,744258,-203186,21763,3034,Taiwan,9372100000,3,2025,446290476.1904762,20,0,152127,25,1986,1991, ,0,2,0,152127,3,72,71,-5.0,1.0
2025-03-06,545.0,547.0,544.0,544.0,1468312,346664,-140169,29355,3034,Taiwan,9372100000,3,2025,446290476.1904762,10,0,152127,14,1982,1986, ,0,4,0,152127,0,68,72,-4.0,-4.0
2025-03-07,547.0,550.0,544.0,544.0,1797308,-56630,-21769,27204,3034,Taiwan,9372100000,3,2025,446290476.1904762,6,0,152127,22,1966,1982, ,0,2,0,152127,3,69,68,-16.0,1.0
2025-03-10,548.0,548.0,542.0,542.0,1660581,44301,56882,39948,3034,Taiwan,9372100000,3,2025,446290476.1904762,16,0,152127,34,1948,1966, ,0,2,0,152127,0,67,69,-18.0,-2.0
2025-03-11,534.0,545.0,531.0,534.0,4020147,-390193,364983,164957,3034,Taiwan,9372100000,3,2025,446290476.1904762,21,0,152127,31,1938,1948, ,0,17,0,152127,3,53,67,-10.0,-14.0
2025-03-12,539.0,547.0,539.0,544.0,3017339,770957,121561,27283,3034,Taiwan,9372100000,3,2025,446290476.1904762,8,0,152127,88,1858,1938, ,0,1,0,152127,7,59,53,-80.0,6.0
2025-03-13,546.0,550.0,544.0,544.0,2120917,256640,-65912,75614,3034,Taiwan,9372100000,3,2025,446290476.1904762,4,0,152127,38,1824,1858, ,0,0,0,152127,0,59,59,-34.0,0.0
2025-03-14,545.0,545.0,535.0,539.0,2748949,-321682,673750,20070,3034,Taiwan,9372100000,3,2025,446290476.1904762,20,0,152127,6,1838,1824, ,0,3,16,152127,0,40,59,14.0,-19.0
2025-03-17,542.0,546.0,540.0,540.0,1196687,-133182,101380,52585,3034,Taiwan,9372100000,3,2025,446290476.1904762,9,0,152127,14,1833,1838, ,0,0,0,152127,0,40,40,-5.0,0.0
2025-03-18,544.0,547.0,544.0,545.0,1233446,187374,62769,15062,3034,Taiwan,9372100000,3,2025,446290476.1904762,3,7,152127,14,1815,1833, ,0,8,2,152127,0,30,40,-18.0,-10.0
2025-03-19,546.0,559.0,540.0,540.0,2908602,853471,-89461,157299,3034,Taiwan,9372100000,3,2025,446290476.1904762,44,2,152127,29,1828,1815, ,1,5,0,152127,2,27,30,13.0,-3.0
2025-03-20,547.0,553.0,542.0,551.0,1550367,286330,181866,-3914,3034,Taiwan,9372100000,3,2025,446290476.1904762,4,0,152127,20,1812,1828,X ,0,6,0,152127,2,23,27,-16.0,-4.0
2025-03-21,551.0,555.0,549.0,554.0,2148627,-135673,350144,46659,3034,Taiwan,9372100000,3,2025,446290476.1904762,12,2,152127,31,1791,1812,X ,0,20,3,152127,0,0,23,-21.0,-23.0
2025-03-24,555.0,558.0,553.0,556.0,2170961,-142483,569753,71291,3034,Taiwan,9372100000,3,2025,446290476.1904762,8,1,152127,24,1774,1791,X ,0,0,0,152127,0,0,0,-17.0,0.0
2025-03-25,560.0,565.0,553.0,559.0,2490200,-379414,743000,51678,3034,Taiwan,9372100000,3,2025,446290476.1904762,76,0,152127,24,1826,1774,X ,0,0,0,152127,0,0,0,52.0,0.0
2025-03-26,560.0,560.0,556.0,558.0,1180646,-499120,609389,19554,3034,Taiwan,9372100000,3,2025,446290476.1904762,29,0,152127,9,1846,1826, ,0,0,0,152127,0,0,0,20.0,0.0
2025-03-27,553.0,561.0,550.0,561.0,3241313,-812088,973078,194387,3034,Taiwan,9372100000,3,2025,446290476.1904762,19,0,152127,37,1828,1846, ,4,0,0,152127,8,8,0,-18.0,8.0
2025-03-28,555.0,562.0,552.0,560.0,3541867,318481,372000,333371,3034,Taiwan,9372100000,3,2025,446290476.1904762,12,0,152127,42,1798,1828, ,0,0,0,152127,63,71,8,-30.0,63.0
2025-03-31,551.0,557.0,545.0,545.0,4534353,-962759,1124404,539885,3034,Taiwan,9372100000,3,2025,446290476.1904762,64,0,152127,55,1807,1798, ,0,9,0,152127,42,104,71,9.0,33.0
2025-04-01,548.0,559.0,548.0,552.0,3781299,-866862,1037000,79300,3034,Taiwan,9119463000,4,2025,455973150.0,31,0,152127,35,1803,1807, ,0,0,0,152127,11,115,104,-4.0,11.0
2025-04-02,552.0,553.0,530.0,531.0,4307681,-1014944,162594,230726,3034,Taiwan,9119463000,4,2025,455973150.0,135,0,152127,79,1859,1803, ,10,28,0,152127,5,92,115,56.0,-23.0
2025-04-07,478.0,478.0,478.0,478.0,1002416,728374,0,-9643,3034,Taiwan,9119463000,4,2025,455973150.0,11,5,152127,152,1713,1859, ,0,1,0,152127,8,99,92,-146.0,7.0
2025-04-08,478.0,484.5,457.0,475.0,7029959,-989527,598243,561004,3034,Taiwan,9119463000,4,2025,455973150.0,87,3,152127,267,1530,1713, ,0,10,0,152127,1,90,99,-183.0,-9.0
2025-04-09,475.0,483.0,458.5,458.5,5610863,-800495,353686,812262,3034,Taiwan,9119463000,4,2025,455973150.0,63,0,152127,94,1499,1530, ,2,3,0,152127,99,186,90,-31.0,96.0
2025-04-10,504.0,504.0,504.0,504.0,1325033,-700993,87000,15213,3034,Taiwan,9119463000,4,2025,455973150.0,17,8,152127,20,1488,1499, ,0,15,0,152127,1,172,186,-11.0,-14.0
2025-04-11,487.5,510.0,483.0,510.0,3760174,-1710528,1001772,109023,3034,Taiwan,9119463000,4,2025,455973150.0,25,2,152127,26,1485,1488, ,1,50,25,152127,17,114,172,-3.0,-58.0
2025-04-14,508.0,517.0,501.0,503.0,3573908,-1451133,311340,-31212,3034,Taiwan,9119463000,4,2025,455973150.0,39,0,152127,31,1493,1485, ,0,14,0,152127,2,102,114,8.0,-12.0
2025-04-15,508.0,510.0,500.0,500.0,2760985,245503,-294935,108106,3034,Taiwan,9119463000,4,2025,455973150.0,62,6,152127,12,1537,1493, ,0,10,0,152127,36,128,102,44.0,26.0
2025-04-16,498.0,498.5,491.0,491.0,2122750,125655,-90931,-142241,3034,Taiwan,9119463000,4,2025,455973150.0,20,0,152127,8,1549,1537, ,2,16,6,152127,16,122,128,12.0,-6.0
2025-04-17,493.0,500.0,485.0,491.0,1123885,-28531,18103,-65224,3034,Taiwan,9119463000,4,2025,455973150.0,5,1,152127,11,1542,1549, ,0,0,0,152127,6,128,122,-7.0,6.0
2025-04-18,491.0,501.0,490.0,499.0,1606524,-552611,254190,-106349,3034,Taiwan,9119463000,4,2025,455973150.0,8,1,152127,12,1537,1542, ,0,1,30,152127,3,100,128,-5.0,-28.0
2025-04-21,500.0,505.0,494.0,494.0,1694276,-5872,-90000,-50215,3034,Taiwan,9119463000,4,2025,455973150.0,19,0,152127,25,1531,1537, ,0,3,0,152127,31,128,100,-6.0,28.0
2025-04-22,490.0,496.5,478.0,478.0,2014800,183291,-561000,7374,3034,Taiwan,9119463000,4,2025,455973150.0,90,0,152127,24,1597,1531, ,0,2,0,152127,5,131,128,66.0,3.0
2025-04-23,488.0,501.0,487.0,488.5,1879223,89973,-152732,20788,3034,Taiwan,9119463000,4,2025,455973150.0,15,3,152127,66,1543,1597, ,1,0,22,152127,44,153,131,-54.0,22.0
2025-04-24,491.0,496.5,482.0,482.0,1960896,203233,-519183,24201,3034,Taiwan,9119463000,4,2025,455973150.0,22,1,152127,8,1556,1543, ,0,0,2,152127,23,174,153,13.0,21.0
2025-04-25,494.0,507.0,493.0,503.0,2975016,442129,-489921,-64204,3034,Taiwan,9119463000,4,2025,455973150.0,5,4,152127,85,1472,1556, ,0,50,10,152127,1,115,174,-84.0,-59.0
2025-04-28,503.0,520.0,502.0,513.0,2307513,-576390,976925,-5652,3034,Taiwan,9119463000,4,2025,455973150.0,19,0,152127,58,1433,1472, ,0,1,0,152127,10,124,115,-39.0,9.0
2025-04-29,511.0,518.0,507.0,508.0,1411913,-94251,-194903,-19644,3034,Taiwan,9119463000,4,2025,455973150.0,53,0,152127,18,1468,1433, ,0,9,0,152127,2,117,124,35.0,-7.0
2025-04-30,510.0,523.0,510.0,519.0,2344787,-129901,45612,-74527,3034,Taiwan,9119463000,4,2025,455973150.0,23,1,152127,48,1442,1468, ,0,80,0,152127,4,41,117,-26.0,-76.0
2025-05-02,519.0,524.0,514.0,515.0,1552370,44299,-1073,-15919,3034,Taiwan,8607337000,5,2025,430366850.0,99,0,152127,15,1526,1442, ,1,1,0,152127,35,75,41,84.0,34.0
2025-05-05,519.0,526.0,506.0,520.0,2413542,133094,-25964,-47803,3034,Taiwan,8607337000,5,2025,430366850.0,13,0,152127,61,1478,1526, ,0,35,0,152127,28,68,75,-48.0,-7.0
2025-05-06,525.0,534.0,522.0,522.0,2532240,17049,-76535,-70502,3034,Taiwan,8607337000,5,2025,430366850.0,20,0,152127,22,1476,1478, ,0,5,0,152127,179,242,68,-2.0,174.0
2025-05-07,522.0,532.0,516.0,519.0,1727219,-79110,122031,-65215,3034,Taiwan,8607337000,5,2025,430366850.0,15,0,152127,16,1475,1476, ,0,12,0,152127,114,344,242,-1.0,102.0
2025-05-08,505.0,515.0,505.0,509.0,2571404,-717021,-5191,28338,3034,Taiwan,8607337000,5,2025,430366850.0,68,0,152127,10,1533,1475, ,0,53,0,152127,7,298,344,58.0,-46.0
2025-05-09,510.0,517.0,510.0,512.0,1965806,-201778,-283516,35073,3034,Taiwan,8607337000,5,2025,430366850.0,15,0,152127,24,1524,1533, ,5,3,0,152127,2,297,298,-9.0,-1.0
2025-05-12,520.0,526.0,515.0,525.0,1470604,199048,-260732,15329,3034,Taiwan,8607337000,5,2025,430366850.0,3,5,152127,49,1473,1524, ,0,2,2,152127,40,333,297,-51.0,36.0
2025-05-13,527.0,539.0,527.0,538.0,2663125,102720,-64937,5208,3034,Taiwan,8607337000,5,2025,430366850.0,15,0,152127,52,1436,1473, ,0,7,2,152127,25,349,333,-37.0,16.0
2025-05-14,538.0,541.0,532.0,539.0,2054633,-15899,-56621,2696,3034,Taiwan,8607337000,5,2025,430366850.0,11,0,152127,16,1431,1436, ,0,1,0,152127,0,348,349,-5.0,-1.0
2025-05-15,543.0,543.0,530.0,530.0,1711647,-178370,-9880,6825,3034,Taiwan,8607337000,5,2025,430366850.0,12,0,152127,12,1431,1431, ,0,3,0,152127,0,345,348,0.0,-3.0
2025-05-16,535.0,535.0,521.0,522.0,2167140,495519,-934835,69402,3034,Taiwan,8607337000,5,2025,430366850.0,63,0,152127,8,1486,1431, ,0,3,2,152127,0,340,345,55.0,-5.0
2025-05-19,522.0,526.0,515.0,515.0,1781262,154099,-500552,12150,3034,Taiwan,8607337000,5,2025,430366850.0,38,0,152127,7,1517,1486, ,1,3,0,152127,2,339,340,31.0,-1.0
2025-05-20,519.0,524.0,517.0,519.0,1967389,657231,-606148,42081,3034,Taiwan,8607337000,5,2025,430366850.0,16,1,152127,6,1526,1517, ,0,1,1,152127,131,468,339,9.0,129.0
2025-05-21,524.0,526.0,519.0,524.0,1810041,392505,-439253,44129,3034,Taiwan,8607337000,5,2025,430366850.0,7,0,152127,3,1530,1526, ,0,10,0,152127,4,462,468,4.0,-6.0
2025-05-22,524.0,525.0,516.0,519.0,2617443,1261284,-1280896,-26881,3034,Taiwan,8607337000,5,2025,430366850.0,13,0,152127,4,1539,1530, ,0,1,0,152127,16,477,462,9.0,15.0
2025-05-23,523.0,523.0,514.0,515.0,2186050,890740,-1173343,49137,3034,Taiwan,8607337000,5,2025,430366850.0,19,1,152127,11,1546,1539, ,0,2,98,152127,0,377,477,7.0,-100.0
2025-05-26,519.0,524.0,511.0,524.0,4215245,1411712,-2042473,10866,3034,Taiwan,8607337000,5,2025,430366850.0,34,2,152127,18,1560,1546, ,0,0,0,152127,6,383,377,14.0,6.0
2025-05-27,522.0,523.0,513.0,513.0,4190163,1273186,-2313073,50106,3034,Taiwan,8607337000,5,2025,430366850.0,19,0,152127,8,1571,1560, ,0,14,0,152127,0,369,383,11.0,-14.0
2025-05-28,524.0,524.0,512.0,517.0,4464431,1162570,-2061702,31909,3034,Taiwan,8607337000,5,2025,430366850.0,28,1,152127,11,1587,1571, ,0,4,26,152127,1,340,369,16.0,-29.0
2025-05-29,519.0,520.0,510.0,516.0,8744567,2483623,-3082710,20946,3034,Taiwan,8607337000,5,2025,430366850.0,20,0,152127,6,1601,1587, ,0,12,64,152127,1,265,340,14.0,-75.0
2025-06-02,510.0,512.0,491.0,492.5,7874486,707123,-2946564,104243,3034,Taiwan,8425263000,6,2025,401203000.0,105,0,152127,22,1684,1601, ,0,14,26,152127,0,225,265,83.0,-40.0
2025-06-03,499.5,499.5,487.0,495.0,7613933,2265268,-4168511,-27895,3034,Taiwan,8425263000,6,2025,401203000.0,105,1,152127,4,1784,1684, ,0,2,4,152127,11,230,225,100.0,5.0
2025-06-04,498.0,499.5,488.0,495.5,7780964,2487497,-3917035,133326,3034,Taiwan,8425263000,6,2025,401203000.0,69,0,152127,107,1746,1784, ,1,7,0,152127,9,232,230,-38.0,2.0
2025-06-05,496.0,496.5,490.5,495.5,4253163,2016713,-2312642,65819,3034,Taiwan,8425263000,6,2025,401203000.0,41,0,152127,28,1759,1746, ,0,1,0,152127,1,232,232,13.0,0.0
2025-06-06,496.0,498.0,491.0,498.0,3936237,1992987,-2259585,60672,3034,Taiwan,8425263000,6,2025,401203000.0,22,20,152127,29,1732,1759, ,0,0,124,152127,6,114,232,-27.0,-118.0
2025-06-09,500.0,501.0,494.0,497.0,3560329,1880342,-2246190,34485,3034,Taiwan,8425263000,6,2025,401203000.0,8,0,152127,9,1731,1732, ,0,7,0,152127,0,107,114,-1.0,-7.0
2025-06-10,498.5,506.0,496.0,506.0,4176597,1938697,-1787815,15046,3034,Taiwan,8425263000,6,2025,401203000.0,16,1,152127,67,1679,1731, ,0,0,64,152127,2,45,107,-52.0,-62.0
2025-06-11,508.0,514.0,505.0,514.0,4880769,2474077,-2673537,6079,3034,Taiwan,8425263000,6,2025,401203000.0,18,0,152127,41,1656,1679, ,0,2,8,152127,3,38,45,-23.0,-7.0
2025-06-12,515.0,515.0,505.0,507.0,3882583,1498041,-2213622,66385,3034,Taiwan,8425263000,6,2025,401203000.0,57,1,152127,9,1703,1656, ,0,7,1,152127,0,30,38,47.0,-8.0
2025-06-13,507.0,513.0,504.0,510.0,2279321,171477,-67910,79991,3034,Taiwan,8425263000,6,2025,401203000.0,17,0,152127,47,1673,1703, ,0,0,0,152127,6,36,30,-30.0,6.0
2025-06-16,508.0,517.0,508.0,517.0,2253011,-281056,410698,34394,3034,Taiwan,8425263000,6,2025,401203000.0,16,0,152127,31,1658,1673, ,0,1,0,152127,2,37,36,-15.0,1.0
2025-06-17,520.0,524.0,517.0,518.0,2306117,67855,89168,-85106,3034,Taiwan,8425263000,6,2025,401203000.0,17,40,152127,80,1555,1658, ,0,0,0,152127,0,37,37,-103.0,0.0
2025-06-18,519.0,525.0,514.0,525.0,2471387,-272016,-34757,266699,3034,Taiwan,8425263000,6,2025,401203000.0,2,0,152127,36,1521,1555, ,2,0,2,152127,1,36,37,-34.0,-1.0
2025-06-19,522.0,523.0,512.0,512.0,2054321,-925315,-108036,154383,3034,Taiwan,8425263000,6,2025,401203000.0,30,0,152127,8,1543,1521, ,0,2,0,152127,0,34,36,22.0,-2.0
2025-06-20,518.0,523.0,514.0,519.0,3784090,-572323,-376666,184353,3034,Taiwan,8425263000,6,2025,401203000.0,24,0,152127,45,1522,1543, ,0,0,0,152127,3,37,34,-21.0,3.0
2025-06-23,515.0,527.0,514.0,525.0,3091887,-390381,-158714,171421,3034,Taiwan,8425263000,6,2025,401203000.0,25,0,152127,57,1490,1522, ,0,0,0,152127,1,38,37,-32.0,1.0
2025-06-24,532.0,536.0,528.0,528.0,2775923,155589,-360004,101227,3034,Taiwan,8425263000,6,2025,401203000.0,42,1,152127,112,1419,1490, ,0,4,0,152127,1,35,38,-71.0,-3.0
2025-06-25,531.0,539.0,531.0,535.0,2397194,-39156,-306648,221833,3034,Taiwan,8425263000,6,2025,401203000.0,48,0,152127,81,1386,1419, ,0,3,0,152127,2,34,35,-33.0,-1.0
2025-06-26,540.0,540.0,531.0,531.0,3577651,-581080,-486420,349240,3034,Taiwan,8425263000,6,2025,401203000.0,10,1,152127,20,1375,1386, ,0,1,0,152127,0,33,34,-11.0,-1.0
2025-06-27,528.0,543.0,528.0,539.0,3736530,-856955,551239,66596,3034,Taiwan,8425263000,6,2025,401203000.0,16,0,152127,57,1334,1375, ,1,0,2,152127,4,35,33,-41.0,2.0
2025-06-30,539.0,550.0,539.0,545.0,3661665,-1165700,618769,113924,3034,Taiwan,8425263000,6,2025,401203000.0,9,0,152127,103,1240,1334, ,0,2,0,152127,2,35,35,-94.0,0.0
2025-07-01,545.0,552.0,536.0,540.0,3246753,-988365,-6834,50336,3034,Taiwan,8120418000,7,2025,353061652.17391306,16,0,152127,23,1233,1240, ,0,9,0,152127,0,26,35,-7.0,-9.0
2025-07-02,535.0,544.0,535.0,539.0,2220383,-697048,-79390,97370,3034,Taiwan,8120418000,7,2025,353061652.17391306,23,3,152127,53,1200,1233,X ,0,2,0,152127,0,24,26,-33.0,-2.0
2025-07-03,540.0,548.0,540.0,547.0,3006222,-841728,921724,386295,3034,Taiwan,8120418000,7,2025,353061652.17391306,3,0,152127,31,1172,1200,X ,0,21,0,152127,0,3,24,-28.0,-21.0
2025-07-04,550.0,552.0,540.0,542.0,3780304,-1959528,736846,433096,3034,Taiwan,8120418000,7,2025,353061652.17391306,10,0,152127,47,1135,1172,X ,0,0,3,152127,0,0,3,-37.0,-3.0
2025-07-07,540.0,543.0,533.0,541.0,3499841,-1919147,592561,997549,3034,Taiwan,8120418000,7,2025,353061652.17391306,10,0,152127,9,1136,1135,X ,0,0,0,152127,0,0,0,1.0,0.0
2025-07-08,541.0,541.0,530.0,534.0,3812719,-1251801,408285,89088,3034,Taiwan,8120418000,7,2025,353061652.17391306,37,7,152127,80,1086,1136, ,0,0,0,152127,0,0,0,-50.0,0.0
2025-07-09,505.0,511.0,500.0,509.0,6391361,3360643,-225012,-1469824,3034,Taiwan,8120418000,7,2025,353061652.17391306,61,0,152127,6,1141,1086, ,21,0,0,152127,1,1,0,55.0,1.0
2025-07-10,503.0,506.0,496.0,496.0,3342863,-812090,-265084,6733,3034,Taiwan,8120418000,7,2025,353061652.17391306,191,0,152127,22,1310,1141, ,1,0,0,152127,2,3,1,169.0,2.0
2025-07-11,500.0,502.0,496.0,496.0,2124713,912528,-1069025,-18786,3034,Taiwan,8120418000,7,2025,353061652.17391306,53,20,152127,6,1337,1310, ,0,1,0,152127,0,2,3,27.0,-1.0
2025-07-14,501.0,503.0,493.0,495.0,3066326,1559526,-2028312,115143,3034,Taiwan,8120418000,7,2025,353061652.17391306,21,0,152127,40,1318,1337, ,0,0,0,152127,7,9,2,-19.0,7.0
2025-07-15,494.0,499.0,493.5,498.0,1179621,280836,-111403,65516,3034,Taiwan,8120418000,7,2025,353061652.17391306,21,0,152127,7,1332,1318, ,0,0,0,152127,7,16,9,14.0,7.0
2025-07-16,498.0,505.0,497.5,499.5,2053891,686260,-795891,-16325,3034,Taiwan,8120418000,7,2025,353061652.17391306,20,1,152127,45,1306,1332, ,0,0,0,152127,2,18,16,-26.0,2.0
2025-07-17,503.0,503.0,495.5,499.5,2023941,474036,-698058,81999,3034,Taiwan,8120418000,7,2025,353061652.17391306,12,0,152127,12,1306,1306, ,0,1,0,152127,2,19,18,0.0,1.0
2025-07-18,503.0,503.0,496.0,496.0,2061800,78806,-615718,135744,3034,Taiwan,8120418000,7,2025,353061652.17391306,39,1,152127,7,1337,1306, ,0,3,0,152127,1,17,19,31.0,-2.0
2025-07-21,496.0,500.0,492.5,493.0,2223766,60183,-588578,100056,3034,Taiwan,8120418000,7,2025,353061652.17391306,53,15,152127,22,1353,1337, ,0,2,0,152127,1,16,17,16.0,-1.0
2025-07-22,493.5,496.5,490.0,490.5,2648801,-360067,-595689,29640,3034,Taiwan,8120418000,7,2025,353061652.17391306,24,0,152127,19,1358,1353, ,0,2,0,152127,12,26,16,5.0,10.0
2025-07-23,494.5,497.0,491.5,497.0,2363371,-220126,-156356,-576711,3034,Taiwan,8120418000,7,2025,353061652.17391306,43,5,152127,7,1389,1358, ,0,0,0,152127,0,26,26,31.0,0.0
2025-07-24,498.0,498.0,491.5,497.0,2605017,-1367759,463143,-286321,3034,Taiwan,8120418000,7,2025,353061652.17391306,31,0,152127,5,1415,1389, ,0,2,0,152127,2,26,26,26.0,0.0
2025-07-25,494.5,496.0,491.0,494.0,1734978,-794020,277652,-367494,3034,Taiwan,8120418000,7,2025,353061652.17391306,29,11,152127,7,1426,1415, ,0,1,0,152127,2,27,26,11.0,1.0
2025-07-28,493.0,495.0,488.0,488.0,2040844,-1010531,-85767,-86665,3034,Taiwan,8120418000,7,2025,353061652.17391306,120,0,152127,10,1536,1426, ,0,10,0,152127,1,18,27,110.0,-9.0
2025-07-29,489.0,491.0,485.0,485.5,1536082,-582218,-99091,-124406,3034,Taiwan,8120418000,7,2025,353061652.17391306,35,0,152127,10,1561,1536, ,0,0,0,152127,5,23,18,25.0,5.0
2025-07-30,478.0,484.0,472.0,477.5,4101418,-1061913,-851523,146657,3034,Taiwan,8120418000,7,2025,353061652.17391306,153,1,152127,29,1684,1561, ,2,2,0,152127,32,53,23,123.0,30.0
2025-07-31,475.0,480.5,474.0,475.0,2289559,-440290,-93455,-7831,3034,Taiwan,8120418000,7,2025,353061652.17391306,34,0,152127,7,1711,1684, ,0,8,0,152127,13,58,53,27.0,5.0
2025-08-01,473.0,478.5,469.0,474.0,1454022,-702407,-79225,73031,3034,Taiwan,8174953000,8,2025,389283476.1904762,24,0,152127,30,1705,1711, ,0,26,0,152127,0,32,58,-6.0,-26.0
2025-08-04,472.5,473.0,470.0,472.0,2159042,-270374,-332962,-12828,3034,Taiwan,8174953000,8,2025,389283476.1904762,32,10,152127,19,1708,1705, ,0,13,0,152127,0,19,32,3.0,-13.0
2025-08-05,473.0,474.5,469.5,472.0,2376383,-462460,-419053,-83038,3034,Taiwan,8174953000,8,2025,389283476.1904762,37,0,152127,5,1740,1708, ,0,0,0,152127,1,20,19,32.0,1.0
2025-08-06,470.0,470.5,458.0,458.0,4744056,-1586496,-268585,-386822,3034,Taiwan,8174953000,8,2025,389283476.1904762,171,20,152127,30,1861,1740, ,0,2,0,152127,36,54,20,121.0,34.0
2025-08-07,450.0,457.0,445.0,445.0,5514422,-1425879,-238217,315519,3034,Taiwan,8174953000,8,2025,389283476.1904762,208,17,152127,89,1963,1861, ,0,41,0,152127,2,15,54,102.0,-39.0
2025-08-08,445.5,447.0,438.5,440.0,3054923,-721590,-21582,4172,3034,Taiwan,8174953000,8,2025,389283476.1904762,95,8,152127,32,2018,1963, ,0,6,0,152127,2,11,15,55.0,-4.0
2025-08-11,440.0,440.0,428.5,432.0,3745790,323718,-474279,94102,3034,Taiwan,8174953000,8,2025,389283476.1904762,121,4,152127,64,2071,2018, ,0,2,0,152127,8,17,11,53.0,6.0
2025-08-12,432.0,437.5,432.0,433.0,2959926,297494,-474712,-4896,3034,Taiwan,8174953000,8,2025,389283476.1904762,117,1,152127,28,2159,2071, ,0,4,0,152127,2,15,17,88.0,-2.0
2025-08-13,436.0,442.0,436.0,439.0,3013231,-471071,-69684,-18702,3034,Taiwan,8174953000,8,2025,389283476.1904762,122,3,152127,52,2226,2159, ,0,2,0,152127,4,17,15,67.0,2.0
2025-08-14,442.0,442.0,435.0,435.0,2130282,-371129,-66854,-93035,3034,Taiwan,8174953000,8,2025,389283476.1904762,65,0,152127,10,2281,2226, ,0,2,0,152127,42,57,17,55.0,40.0
2025-08-15,437.0,437.0,429.0,430.0,2475381,-731078,-271678,-35073,3034,Taiwan,8174953000,8,2025,389283476.1904762,80,2,152127,21,2338,2281, ,0,43,0,152127,2,16,57,57.0,-41.0
2025-08-18,430.5,432.0,422.0,424.5,2696138,-112732,31160,15769,3034,Taiwan,8174953000,8,2025,389283476.1904762,71,1,152127,27,2381,2338, ,0,1,0,152127,6,21,16,43.0,5.0
2025-08-19,423.5,430.0,420.5,428.0,2243796,223435,-33072,10049,3034,Taiwan,8174953000,8,2025,389283476.1904762,22,0,152127,42,2361,2381, ,0,2,0,152127,1,20,21,-20.0,-1.0
2025-08-20,430.5,430.5,423.0,426.0,2235171,-577755,261730,231235,3034,Taiwan,8174953000,8,2025,389283476.1904762,31,0,152127,26,2366,2361, ,0,4,0,152127,1,17,20,5.0,-3.0
2025-08-21,426.0,428.5,422.5,425.5,1650340,-327845,171125,26931,3034,Taiwan,8174953000,8,2025,389283476.1904762,125,1,152127,16,2474,2366, ,0,2,0,152127,1,16,17,108.0,-1.0
2025-08-22,424.5,425.5,422.5,423.0,1315113,-276989,42651,21022,3034,Taiwan,8174953000,8,2025,389283476.1904762,62,1,152127,20,2515,2474, ,0,2,0,152127,0,14,16,41.0,-2.0
2025-08-25,425.0,428.0,424.5,428.0,1227828,-142715,-94108,49270,3034,Taiwan,8174953000,8,2025,389283476.1904762,69,1,152127,37,2546,2515, ,0,4,0,152127,0,10,14,31.0,-4.0
2025-08-26,428.0,430.5,426.0,430.5,2325336,-124333,-77977,28166,3034,Taiwan,8174953000,8,2025,389283476.1904762,83,3,152127,22,2604,2546, ,0,0,0,152127,0,10,10,58.0,0.0
2025-08-27,430.0,436.0,430.0,435.5,1713586,-229359,33000,-3939,3034,Taiwan,8174953000,8,2025,389283476.1904762,96,2,152127,61,2637,2604, ,0,1,0,152127,1,10,10,33.0,0.0
2025-08-28,436.0,437.5,434.0,435.0,1768207,-278021,-101418,49103,3034,Taiwan,8174953000,8,2025,389283476.1904762,47,5,152127,50,2629,2637, ,0,0,0,152127,11,21,10,-8.0,11.0
2025-08-29,436.0,437.0,433.0,435.0,1597219,-454455,120511,15122,3034,Taiwan,8174953000,8,2025,389283476.1904762,76,1,152127,30,2674,2629, ,0,10,0,152127,10,21,21,45.0,0.0
2025-09-01,435.0,436.5,427.0,428.0,1049283,-222109,10653,-10254,3034,Taiwan,8278299000,9,2025,394204714.28571427,35,0,152127,34,2675,2674, ,0,10,0,152127,3,14,21,1.0,-7.0
2025-09-02,429.0,432.0,429.0,432.0,619607,134670,-6957,4397,3034,Taiwan,8278299000,9,2025,394204714.28571427,5,0,152127,21,2659,2675, ,0,0,0,152127,3,17,14,-16.0,3.0
2025-09-03,435.5,435.5,433.0,433.0,934133,161864,-60935,-916,3034,Taiwan,8278299000,9,2025,394204714.28571427,7,0,152127,13,2653,2659, ,0,0,0,152127,0,17,17,-6.0,0.0
2025-09-04,435.5,439.5,433.5,438.0,1610655,263376,45908,73210,3034,Taiwan,8278299000,9,2025,394204714.28571427,40,0,152127,95,2598,2653, ,0,0,0,152127,14,31,17,-55.0,14.0
2025-09-05,441.5,441.5,437.0,438.5,1128277,-285085,-75334,42654,3034,Taiwan,8278299000,9,2025,394204714.28571427,67,0,152127,42,2623,2598, ,0,0,0,152127,6,37,31,25.0,6.0
2025-09-08,438.5,445.0,434.5,437.0,2492144,-253113,102480,3204,3034,Taiwan,8278299000,9,2025,394204714.28571427,63,1,152127,39,2646,2623, ,0,10,0,152127,1,28,37,23.0,-9.0
2025-09-09,438.0,438.0,431.0,432.0,2583203,105052,-187962,-53825,3034,Taiwan,8278299000,9,2025,394204714.28571427,88,0,152127,24,2710,2646, ,0,2,0,152127,3,29,28,64.0,1.0
2025-09-10,432.0,432.5,424.5,424.5,3038297,-724085,-506204,-138346,3034,Taiwan,8278299000,9,2025,394204714.28571427,173,2,152127,57,2824,2710, ,0,0,0,152127,4,33,29,114.0,4.0
2025-09-11,425.5,427.0,416.5,416.5,2999995,-537232,-540426,-59955,3034,Taiwan,8278299000,9,2025,394204714.28571427,120,0,152127,41,2903,2824, ,1,6,0,152127,2,29,33,79.0,-4.0
2025-09-12,419.0,422.5,416.5,417.0,2154579,388993,-623928,-118586,3034,Taiwan,8278299000,9,2025,394204714.28571427,51,64,152127,30,2860,2903, ,0,4,0,152127,1,26,29,-43.0,-3.0
2025-09-15,423.0,430.5,421.0,421.5,2550226,715669,-879980,-91742,3034,Taiwan,8278299000,9,2025,394204714.28571427,147,2,152127,53,2952,2860, ,1,2,0,152127,1,25,26,92.0,-1.0
2025-09-16,422.0,425.0,419.5,422.0,1761911,626922,-905785,-39413,3034,Taiwan,8278299000,9,2025,394204714.28571427,50,69,152127,107,2826,2952, ,0,0,0,152127,2,27,25,-126.0,2.0
2025-09-17,423.0,427.0,422.0,424.0,1803209,302039,-703123,57582,3034,Taiwan,8278299000,9,2025,394204714.28571427,67,30,152127,45,2818,2826, ,0,2,0,152127,2,27,27,-8.0,0.0
2025-09-18,426.0,444.0,426.0,438.5,5587751,-69122,-244296,25000,3034,Taiwan,8278299000,9,2025,394204714.28571427,441,4,152127,233,3022,2818, ,0,10,0,152127,2,19,27,204.0,-8.0
2025-09-19,468.0,477.5,447.5,448.5,9126152,-1420772,-233723,312340,3034,Taiwan,8278299000,9,2025,394204714.28571427,811,0,152127,237,3596,3022, ,1,5,0,152127,1,15,19,574.0,-4.0
2025-09-22,450.0,450.0,436.5,436.5,3351809,-117958,-410781,101694,3034,Taiwan,8278299000,9,2025,394204714.28571427,339,0,152127,416,3519,3596, ,0,2,0,152127,1,14,15,-77.0,-1.0
2025-09-23,438.5,451.5,436.0,443.0,6717088,-1097545,-590059,-114067,3034,Taiwan,8278299000,9,2025,394204714.28571427,447,74,152127,253,3639,3519, ,5,2,0,152127,6,18,14,120.0,4.0
2025-09-24,443.5,447.5,441.5,441.5,3588296,-903570,-711533,-27259,3034,Taiwan,8278299000,9,2025,394204714.28571427,214,0,152127,158,3695,3639, ,1,2,0,152127,8,24,18,56.0,6.0
2025-09-25,437.5,445.0,437.5,440.5,3328494,-485042,-566282,-46189,3034,Taiwan,8278299000,9,2025,394204714.28571427,168,0,152127,197,3666,3695, ,1,2,0,152127,0,22,24,-29.0,-2.0
2025-09-26,440.0,442.0,433.0,434.5,2452351,-326670,-171975,22478,3034,Taiwan,8278299000,9,2025,394204714.28571427,70,10,152127,174,3552,3666, ,0,3,0,152127,2,21,22,-114.0,-1.0
2025-09-30,437.5,438.5,424.5,426.5,5026028,-222402,-901753,-54298,3034,Taiwan,8278299000,9,2025,394204714.28571427,172,1,152127,310,3413,3552, ,2,2,0,152127,5,24,21,-139.0,3.0
2025-10-01,428.5,429.0,416.0,416.0,5298642,99004,-2418307,-13378,3034,Taiwan,7878870000,10,2025,393943500.0,193,3,152127,270,3333,3413, ,0,8,0,152127,7,23,24,-80.0,-1.0
2025-10-02,420.0,423.0,418.0,418.0,1922384,-141138,-345872,9092,3034,Taiwan,7878870000,10,2025,393943500.0,43,3,152127,85,3288,3333, ,0,1,0,152127,7,29,23,-45.0,6.0
2025-10-03,420.0,421.5,417.5,418.5,1969843,-924997,-57026,-5893,3034,Taiwan,7878870000,10,2025,393943500.0,81,4,152127,31,3334,3288, ,0,0,0,152127,4,33,29,46.0,4.0
2025-10-07,419.0,426.0,418.0,425.0,1713126,504282,-144778,84086,3034,Taiwan,7878870000,10,2025,393943500.0,32,1,152127,98,3267,3334, ,0,0,0,152127,2,35,33,-67.0,2.0
2025-10-08,426.0,428.0,423.5,425.0,1197156,-4894,-133734,18268,3034,Taiwan,7878870000,10,2025,393943500.0,54,47,152127,66,3208,3267, ,0,7,0,152127,2,30,35,-59.0,-5.0
2025-10-09,427.0,429.5,423.0,424.0,1669917,-137064,-93916,14930,3034,Taiwan,7878870000,10,2025,393943500.0,51,18,152127,35,3206,3208, ,0,3,0,152127,0,27,30,-2.0,-3.0
2025-10-13,420.0,421.0,410.0,414.0,3470232,-896036,-79813,30934,3034,Taiwan,7878870000,10,2025,393943500.0,76,1,152127,65,3216,3206, ,0,6,0,152127,12,33,27,10.0,6.0
2025-10-14,418.0,421.5,407.5,407.5,3458011,-611177,-110566,141268,3034,Taiwan,7878870000,10,2025,393943500.0,123,1,152127,98,3240,3216, ,0,1,0,152127,12,44,33,24.0,11.0
2025-10-15,408.0,410.5,403.0,406.5,1607867,-290295,-49619,112502,3034,Taiwan,7878870000,10,2025,393943500.0,69,1,152127,49,3259,3240, ,0,4,0,152127,6,46,44,19.0,2.0
2025-10-16,407.0,411.0,407.0,410.5,1406067,153885,-61122,-26498,3034,Taiwan,7878870000,10,2025,393943500.0,15,0,152127,29,3245,3259, ,0,0,0,152127,1,47,46,-14.0,1.0
2025-10-17,412.0,414.5,405.0,405.5,2288947,-169036,-225282,-70126,3034,Taiwan,7878870000,10,2025,393943500.0,103,1,152127,23,3324,3245, ,0,10,0,152127,14,51,47,79.0,4.0
2025-10-20,413.0,420.0,412.5,414.0,2723782,-177205,-109768,30525,3034,Taiwan,7878870000,10,2025,393943500.0,139,0,152127,95,3368,3324, ,0,2,0,152127,15,64,51,44.0,13.0
2025-10-21,417.0,421.0,417.0,417.0,2219272,285611,-285306,14236,3034,Taiwan,7878870000,10,2025,393943500.0,62,0,152127,59,3371,3368, ,2,1,0,152127,5,68,64,3.0,4.0
2025-10-22,418.0,421.0,414.0,420.5,1558757,-83071,60453,157970,3034,Taiwan,7878870000,10,2025,393943500.0,28,0,152127,45,3354,3371, ,3,14,0,152127,0,54,68,-17.0,-14.0
2025-10-23,419.5,421.0,415.5,415.5,1492744,-519702,73173,89190,3034,Taiwan,7878870000,10,2025,393943500.0,39,11,152127,24,3358,3354, ,0,1,0,152127,1,54,54,4.0,0.0
2025-10-27,419.5,419.5,410.0,414.0,2367002,-502724,120240,-49520,3034,Taiwan,7878870000,10,2025,393943500.0,98,0,152127,58,3398,3358, ,0,4,0,152127,5,55,54,40.0,1.0
2025-10-28,416.0,416.0,406.0,406.0,2277884,-976376,-193543,63377,3034,Taiwan,7878870000,10,2025,393943500.0,98,0,152127,42,3454,3398, ,0,2,0,152127,2,55,55,56.0,0.0
2025-10-29,406.5,410.0,403.0,403.0,2872117,-703794,-305962,-133142,3034,Taiwan,7878870000,10,2025,393943500.0,121,2,152127,34,3539,3454, ,0,4,0,152127,3,54,55,85.0,-1.0
2025-10-30,403.0,405.0,398.0,401.5,2516463,-326581,-142774,-49787,3034,Taiwan,7878870000,10,2025,393943500.0,79,1,152127,56,3561,3539, ,0,2,0,152127,4,56,54,22.0,2.0
2025-10-31,402.5,402.5,391.0,393.0,4582138,-780062,-523987,53754,3034,Taiwan,7878870000,10,2025,393943500.0,108,6,152127,56,3607,3561, ,0,5,0,152127,10,61,56,46.0,5.0
2025-11-03,392.0,397.0,390.0,394.0,2915035,-59196,-75258,-22229,3034,Taiwan,7618617000,11,2025,380930850.0,25,4,152127,28,3600,3607, ,0,33,0,152127,20,48,61,-7.0,-13.0
2025-11-04,400.0,402.0,392.0,396.0,3291201,-48188,-40998,-83959,3034,Taiwan,7618617000,11,2025,380930850.0,42,5,152127,36,3601,3600, ,1,3,0,152127,63,108,48,1.0,60.0
2025-11-05,386.0,393.5,381.5,393.5,3993698,-539083,28529,48815,3034,Taiwan,7618617000,11,2025,380930850.0,59,1,152127,26,3633,3601, ,10,62,4,152127,12,54,108,32.0,-54.0
2025-11-06,395.0,395.5,385.0,386.0,3307560,-382216,-269568,-312134,3034,Taiwan,7618617000,11,2025,380930850.0,140,2,152127,18,3753,3633, ,0,1,0,152127,57,110,54,120.0,56.0
2025-11-07,378.0,383.0,368.0,380.5,5944851,-423627,-318477,464734,3034,Taiwan,7618617000,11,2025,380930850.0,73,3,152127,120,3703,3753, ,2,57,0,152127,12,65,110,-50.0,-45.0
2025-11-10,384.0,388.0,378.0,383.5,2924475,-188970,-158645,34425,3034,Taiwan,7618617000,11,2025,380930850.0,71,2,152127,30,3742,3703, ,0,4,0,152127,9,70,65,39.0,5.0
2025-11-11,386.0,391.0,384.5,389.5,2667837,195484,-27226,-36674,3034,Taiwan,7618617000,11,2025,380930850.0,20,2,152127,71,3689,3742, ,0,7,0,152127,5,68,70,-53.0,-2.0
2025-11-12,389.5,391.0,386.0,390.5,2383210,59404,-28981,-168809,3034,Taiwan,7618617000,11,2025,380930850.0,20,0,152127,25,3684,3689, ,0,2,0,152127,6,72,68,-5.0,4.0
2025-11-13,391.5,393.5,386.0,392.0,2183837,71628,-95924,77047,3034,Taiwan,7618617000,11,2025,380930850.0,33,3,152127,27,3687,3684, ,0,20,0,152127,7,59,72,3.0,-13.0
2025-11-14,389.0,393.5,387.0,390.0,2841416,-452477,42038,220729,3034,Taiwan,7618617000,11,2025,380930850.0,46,2,152127,67,3664,3687, ,0,2,0,152127,8,65,59,-23.0,6.0
2025-11-17,393.5,395.0,389.0,393.5,2120532,471464,-166877,107828,3034,Taiwan,7618617000,11,2025,380930850.0,50,0,152127,69,3645,3664, ,0,3,1,152127,1,62,65,-19.0,-3.0
2025-11-18,388.5,394.0,385.5,392.0,3351640,-65174,208071,186594,3034,Taiwan,7618617000,11,2025,380930850.0,8,0,152127,81,3572,3645, ,0,2,0,152127,6,66,62,-73.0,4.0
2025-11-19,392.0,393.5,386.0,392.0,2766150,-85954,84868,150703,3034,Taiwan,7618617000,11,2025,380930850.0,18,0,152127,33,3557,3572, ,0,5,0,152127,4,65,66,-15.0,-1.0
2025-11-20,395.5,395.5,388.0,393.0,2206061,-150036,241856,23406,3034,Taiwan,7618617000,11,2025,380930850.0,37,2,152127,39,3553,3557, ,0,4,0,152127,15,76,65,-4.0,11.0
2025-11-21,387.5,394.0,385.5,389.0,2682843,-305067,237606,268497,3034,Taiwan,7618617000,11,2025,380930850.0,15,3,152127,40,3525,3553, ,0,21,10,152127,4,49,76,-28.0,-27.0
2025-11-24,392.0,394.0,384.0,389.5,4666048,279258,-20034,64278,3034,Taiwan,7618617000,11,2025,380930850.0,17,1,152127,20,3521,3525, ,0,7,0,152127,0,42,49,-4.0,-7.0
2025-11-25,388.0,394.0,386.0,393.0,2618062,397110,27647,24508,3034,Taiwan,7618617000,11,2025,380930850.0,54,7,152127,19,3549,3521, ,0,1,0,152127,4,45,42,28.0,3.0
2025-11-26,393.0,399.5,392.5,396.0,2590067,219251,-227740,-577,3034,Taiwan,7618617000,11,2025,380930850.0,103,1,152127,20,3631,3549, ,0,3,0,152127,3,45,45,82.0,0.0
2025-11-27,393.5,395.5,389.5,393.5,2962472,22256,-340595,-23175,3034,Taiwan,7618617000,11,2025,380930850.0,65,0,152127,20,3676,3631, ,0,1,0,152127,0,44,45,45.0,-1.0
2025-11-28,393.5,395.0,389.5,389.5,2229988,-189932,-73938,43546,3034,Taiwan,7618617000,11,2025,380930850.0,45,1,152127,30,3690,3676, ,0,1,0,152127,4,47,44,14.0,3.0
2025-12-01,388.5,393.5,388.0,392.5,2015739,-550579,546000,46900,3034,Taiwan,7319722000,12,2025,332714636.3636364,25,2,152127,40,3673,3690, ,0,1,0,152127,1,47,47,-17.0,0.0
2025-12-02,392.5,400.0,391.0,398.0,2103399,-93572,535466,19425,3034,Taiwan,7319722000,12,2025,332714636.3636364,89,0,152127,88,3674,3673, ,0,0,0,152127,92,139,47,1.0,92.0
2025-12-03,398.0,398.0,390.0,390.0,2161980,-1121581,-42938,73496,3034,Taiwan,7319722000,12,2025,332714636.3636364,119,4,152127,54,3735,3674, ,0,5,0,152127,0,134,139,61.0,-5.0
2025-12-04,390.0,392.0,384.5,384.5,1999928,-449102,-344969,-11756,3034,Taiwan,7319722000,12,2025,332714636.3636364,77,6,152127,57,3749,3735, ,0,3,0,152127,4,135,134,14.0,1.0
2025-12-05,386.5,389.0,383.5,387.0,1613694,-209133,-42938,12665,3034,Taiwan,7319722000,12,2025,332714636.3636364,13,2,152127,28,3732,3749, ,0,1,0,152127,1,135,135,-17.0,0.0
2025-12-08,386.0,386.0,382.0,385.0,1634784,127743,-189297,3872,3034,Taiwan,7319722000,12,2025,332714636.3636364,19,3,152127,61,3687,3732, ,0,3,0,152127,4,136,135,-45.0,1.0
2025-12-09,384.0,386.0,378.5,379.5,2219240,-263083,-275264,-11896,3034,Taiwan,7319722000,12,2025,332714636.3636364,72,10,152127,29,3720,3687, ,0,1,0,152127,21,156,136,33.0,20.0
2025-12-10,379.0,383.5,374.5,382.5,1891338,51347,-18153,-8746,3034,Taiwan,7319722000,12,2025,332714636.3636364,35,10,152127,41,3704,3720, ,2,5,0,152127,4,155,156,-16.0,-1.0
2025-12-11,384.0,384.5,373.5,377.5,2625916,-877525,2624,15756,3034,Taiwan,7319722000,12,2025,332714636.3636364,67,20,152127,24,3727,3704, ,0,4,0,152127,27,178,155,23.0,23.0
2025-12-12,379.5,379.5,371.5,373.0,2057020,-515661,-176928,-44587,3034,Taiwan,7319722000,12,2025,332714636.3636364,58,0,152127,10,3775,3727, ,2,2,0,152127,1,177,178,48.0,-1.0
2025-12-15,369.0,373.0,367.5,371.0,1695704,118884,-216282,79621,3034,Taiwan,7319722000,12,2025,332714636.3636364,15,1,152127,19,3770,3775, ,0,0,0,152127,1,178,177,-5.0,1.0
2025-12-16,368.5,379.0,367.0,374.5,2714354,-124079,-42380,159236,3034,Taiwan,7319722000,12,2025,332714636.3636364,18,0,152127,51,3737,3770, ,0,32,0,152127,1,147,178,-33.0,-31.0
2025-12-17,375.0,382.5,374.5,377.0,3138947,719803,-679969,-10339,3034,Taiwan,7319722000,12,2025,332714636.3636364,109,1,152127,57,3788,3737, ,0,4,0,152127,3,146,147,51.0,-1.0
2025-12-18,377.0,380.5,376.5,377.5,1843242,241087,-323000,81422,3034,Taiwan,7319722000,12,2025,332714636.3636364,22,3,152127,21,3786,3788, ,0,98,0,152127,1,49,146,-2.0,-97.0
2025-12-19,378.5,380.0,373.0,376.0,2037551,180414,-456526,10416,3034,Taiwan,7319722000,12,2025,332714636.3636364,35,2,152127,25,3794,3786, ,0,3,0,152127,7,53,49,8.0,4.0
2025-12-22,376.5,378.5,374.5,377.0,1806728,583653,-493940,10426,3034,Taiwan,7319722000,12,2025,332714636.3636364,35,4,152127,12,3813,3794, ,0,7,0,152127,4,50,53,19.0,-3.0
2025-12-23,379.0,379.0,373.0,374.5,1337997,321594,-453970,33158,3034,Taiwan,7319722000,12,2025,332714636.3636364,37,3,152127,40,3807,3813, ,0,0,0,152127,2,52,50,-6.0,2.0
2025-12-24,373.5,382.0,373.5,377.0,1468631,590795,-385911,35369,3034,Taiwan,7319722000,12,2025,332714636.3636364,27,10,152127,32,3792,3807, ,1,1,0,152127,2,53,52,-15.0,1.0
2025-12-26,379.5,379.5,372.0,373.5,1334862,137710,-553971,-3345,3034,Taiwan,7319722000,12,2025,332714636.3636364,46,7,152127,11,3820,3792, ,0,7,0,152127,1,47,53,28.0,-6.0
2025-12-29,374.0,379.5,372.0,376.5,2011837,918585,-704052,22448,3034,Taiwan,7319722000,12,2025,332714636.3636364,16,20,152127,38,3778,3820, ,0,0,0,152127,0,47,47,-42.0,0.0
2025-12-30,377.0,380.5,373.0,374.5,3157294,1601905,-1979000,26087,3034,Taiwan,7319722000,12,2025,332714636.3636364,51,3,152127,23,3803,3778, ,0,0,0,152127,37,84,47,25.0,37.0
2025-12-31,378.0,384.0,374.0,374.0,6405405,2925742,-3740014,83911,3034,Taiwan,7319722000,12,2025,332714636.3636364,124,4,152127,30,3893,3803, ,0,51,0,152127,0,33,84,90.0,-51.0
