代號,名稱,成交,財報季度,營收(億),營收成長(%),毛利(億),毛利成長(%),淨利(億),淨利成長(%),毛利(%),毛率增減,淨利(%),淨率增減,EPS(元),EPS增減(元),累季ROE(%),累季ROE增減,年估ROE(%),累季ROA(%),累季ROA增減,年估ROA(%),財報評分,stock_id,filter_reason
"=""1294""",漢田生技,82.6,25Q4,7.79,4.02,2.89,-5.51,1.39,-10.7,37.1,-3.74,17.9,-2.9,4.6,-1.42,16.8,-8.61,16.8,12.2,-2.99,12.2,70,1294,成交值僅 0.1 億
"=""1341""",富林-KY,59.5,25Q4,25.7,-7.95,5.84,-0.92,1.96,-30.6,22.7,1.61,7.64,-2.49,3.71,-1.67,14.3,-6.22,14.3,8.24,-3.99,8.24,48,1341,成交值僅 0.0 億
"=""1342""",八貫,86.0,25Q4,28.6,13.9,7.72,1.82,4.43,-9.56,27.0,-3.2,15.5,-4.02,5.62,-0.65,18.5,-2.62,18.5,12.3,-1.96,12.3,50,1342,成交值僅 0.3 億
"=""1476""",儒鴻,367.5,25Q4,380.0,3.15,109.0,-4.29,55.1,-17.0,28.6,-2.23,14.5,-3.51,20.1,-4.1,18.8,-5.49,18.8,15.6,-4.06,15.6,64,1476,技術面未達標
"=""1560""",中砂,474.0,25Q4,81.5,16.1,26.5,21.0,13.6,31.4,32.5,1.31,17.1,2.01,9.28,2.18,17.6,2.27,17.6,11.5,1.34,11.5,57,1560,技術面未達標
"=""1590""",亞德客-KY,981.0,25Q4,343.0,12.0,158.0,10.3,84.0,10.2,46.0,-0.71,24.5,-0.4,42.0,3.88,16.7,-0.13,16.7,14.6,1.41,14.6,72,1590,技術面未達標
"=""1707""",葡萄王,119.5,25Q4,103.0,-8.14,77.0,-11.1,12.2,-15.9,75.1,-2.49,18.2,-1.3,8.22,-1.56,15.6,-2.94,15.6,12.0,-2.1,12.0,72,1707,成交值僅 0.1 億
"=""2059""",川湖,3405.0,25Q4,175.0,72.8,133.0,90.1,98.4,59.8,76.0,6.92,56.2,-4.56,103.23,38.64,39.9,7.26,39.9,32.0,5.8,32.0,93,2059,技術面未達標
"=""2070""",精湛,39.25,25Q4,6.94,-2.97,3.22,-13.8,0.82,-22.7,46.4,-5.83,11.8,-3.02,2.3,-0.67,8.73,-2.81,8.73,6.1,-1.21,6.1,62,2070,成交值僅 0.0 億
"=""2114""",鑫永銓,88.8,25Q4,16.0,8.87,6.34,7.64,4.51,13.3,39.7,-0.45,28.2,1.09,5.78,0.67,14.4,1.51,14.4,12.0,1.4,12.0,80,2114,成交值僅 0.0 億
"=""2301""",光寶科,160.0,25Q4,1661.0,21.1,380.0,28.4,151.0,26.6,22.9,1.3,9.1,0.38,6.64,1.43,16.7,3.12,16.7,7.36,1.29,7.36,51,2301,技術面未達標
"=""2308""",台達電,1475.0,25Q4,5549.0,31.8,1902.0,39.2,601.0,70.6,34.3,1.84,12.2,2.65,23.14,9.58,22.5,6.99,22.5,11.6,3.44,11.6,64,2308,盈虧比不足或已破支撐
"=""2327""",國巨*,271.0,25Q4,1329.0,9.26,481.0,15.1,236.0,22.1,36.2,1.85,17.9,1.87,11.51,-26.62,14.1,1.13,14.1,6.28,0.7,6.28,62,2327,技術面未達標
"=""2330""",台積電,1840.0,25Q4,38091.0,31.6,22813.0,40.4,17179.0,46.4,59.9,3.77,45.0,4.53,66.26,21.01,35.1,5.03,35.1,23.5,4.28,23.5,91,2330,技術面未達標
"=""2360""",致茂,1585.0,25Q4,283.0,31.0,174.0,36.7,117.0,122.0,61.5,2.55,42.1,17.1,27.7,15.21,41.1,18.6,41.1,28.2,13.0,28.2,77,2360,盈虧比不足或已破支撐
"=""2395""",研華,344.0,25Q4,709.0,18.6,282.0,15.7,106.0,17.6,39.8,-0.99,14.8,-0.05,12.25,1.8,19.7,1.99,19.7,14.2,1.62,14.2,62,2395,技術面未達標
"=""2404""",漢唐,930.0,25Q4,661.0,39.4,132.0,55.4,90.7,46.5,20.0,2.07,13.9,0.66,48.08,15.14,54.2,8.45,54.2,14.6,1.16,14.6,64,2404,技術面未達標
"=""2408""",南亞科,234.0,25Q4,666.0,95.1,150.0,3663.0,66.1,230.0,22.5,23.7,9.93,24.8,2.13,3.77,3.94,7.0,3.94,3.19,5.73,3.19,57,2408,技術面未達標
"=""2420""",新巨,52.7,25Q4,21.8,-2.6,10.0,-6.6,5.96,-10.5,45.9,-1.96,27.4,-2.41,3.91,-0.45,15.0,-2.42,15.0,10.6,-1.48,10.6,77,2420,成交值僅 0.2 億
"=""2421""",建準,143.5,25Q4,187.0,27.7,58.0,39.6,21.7,45.1,31.1,2.64,11.6,1.39,7.94,2.48,25.8,6.06,25.8,13.4,2.55,13.4,57,2421,技術面未達標
"=""2423""",固緯,49.1,25Q4,29.4,5.54,15.6,8.19,4.24,20.8,52.9,1.3,14.4,1.82,2.92,0.5,14.7,2.04,14.7,11.6,2.07,11.6,60,2423,成交值僅 0.1 億
"=""2449""",京元電子,308.0,25Q4,349.0,30.1,125.0,34.0,110.0,41.6,35.8,1.05,31.7,1.51,9.01,2.65,23.2,4.14,23.2,11.8,1.69,11.8,74,2449,技術面未達標
"=""2451""",創見,302.0,25Q4,171.0,69.8,80.2,159.0,55.7,141.0,46.8,16.2,32.5,9.56,12.98,7.59,26.0,14.2,26.0,23.4,12.8,23.4,79,2451,技術面未達標
"=""2454""",聯發科,1700.0,25Q4,5960.0,12.3,2831.0,7.48,1053.0,-1.0,47.5,-2.14,17.8,-2.39,66.16,-0.76,26.1,-1.43,26.1,14.7,-1.35,14.7,68,2454,技術面未達標
"=""2455""",全新,230.0,25Q4,33.8,4.29,12.2,-4.63,5.48,-18.3,36.1,-3.37,16.2,-4.49,2.97,-0.66,16.5,-4.43,16.5,11.8,-2.82,11.8,64,2455,技術面未達標
"=""2458""",義隆,136.0,25Q4,123.0,-2.91,60.0,-3.36,24.4,-10.7,48.6,-0.23,18.7,-1.7,8.53,-1.04,22.6,-4.41,22.6,15.1,-2.77,15.1,68,2458,盈虧比不足或已破支撐
"=""2471""",資通,53.6,25Q4,10.0,14.0,4.34,23.2,1.72,9.13,43.4,3.25,17.2,-0.75,3.63,0.3,18.4,1.23,18.4,11.5,0.66,11.5,68,2471,成交值僅 0.2 億
"=""2472""",立隆電,129.0,25Q4,113.0,7.68,36.2,11.9,14.4,24.4,32.0,1.2,17.8,1.47,8.73,1.72,15.4,0.39,15.4,11.5,0.64,11.5,68,2472,技術面未達標
"=""2476""",鉅祥,84.0,25Q4,74.5,12.7,22.8,6.09,9.29,-12.8,30.6,-1.9,14.1,-4.06,4.36,-0.82,11.4,-3.97,11.4,8.26,-2.59,8.26,66,2476,成交值僅 1.9 億
"=""2493""",揚博,116.0,25Q4,37.7,3.03,11.4,-7.54,5.53,-20.2,30.3,-3.47,14.7,-4.27,4.36,-1.69,17.3,-5.24,17.3,11.3,-3.46,11.3,62,2493,成交值僅 2.3 億
"=""2539""",櫻花建,48.15,25Q4,140.0,55.3,57.4,31.7,41.2,45.7,41.0,-7.34,29.5,-1.93,3.46,0.61,25.6,3.91,25.6,12.9,2.92,12.9,74,2539,成交值僅 0.3 億
"=""2618""",長榮航,34.8,25Q4,2203.0,-0.31,516.0,-4.43,261.0,-9.86,23.4,-1.01,12.5,-1.27,4.84,-0.53,19.7,-4.72,19.7,7.66,-1.24,7.66,55,2618,技術面未達標
"=""2637""",慧洋-KY,70.3,25Q4,169.0,-17.1,42.3,-39.3,39.4,-34.7,25.0,-9.16,23.3,-6.31,5.27,-2.81,7.83,-4.56,7.83,4.56,-2.17,4.56,55,2637,技術面未達標
"=""2640""",大車隊,152.5,25Q4,31.5,4.37,15.8,6.81,5.34,0.92,50.0,1.14,16.6,-0.71,9.01,0.08,23.6,-1.55,23.6,12.8,-1.54,12.8,70,2640,成交值僅 0.3 億
"=""2752""",豆府,211.0,25Q4,40.7,11.6,21.1,11.1,4.01,-3.08,51.9,-0.2,9.95,-1.49,15.04,-0.62,29.1,-3.29,29.1,16.7,-1.81,16.7,70,2752,成交值僅 0.0 億
"=""2753""",八方雲集,181.5,25Q4,87.9,9.51,31.6,13.8,8.56,42.2,36.0,1.36,9.4,2.04,12.84,3.79,20.7,4.47,20.7,11.1,1.9,11.1,64,2753,成交值僅 0.6 億
"=""2916""",滿心,48.5,25Q4,19.6,1.98,10.6,1.57,2.56,3.16,54.0,-0.22,13.1,0.15,3.96,-0.23,15.8,-2.27,15.8,12.1,-1.32,12.1,60,2916,成交值僅 0.0 億
"=""3005""",神基,128.5,25Q4,394.0,10.6,125.0,10.8,52.3,17.5,31.8,0.05,13.9,0.69,8.43,1.17,19.4,0.86,19.4,11.3,0.65,11.3,62,3005,符合V4.1（含籌碼）
"=""3006""",晶豪科,195.5,25Q4,146.0,8.08,24.9,52.3,2.45,-51.5,17.1,4.95,1.68,-2.07,0.87,-0.93,2.39,-2.6,2.39,1.42,-1.4,1.42,43,3006,盈虧比不足或已破支撐
"=""3014""",聯陽,117.5,25Q4,69.5,4.74,38.3,3.84,15.3,-5.86,55.1,-0.48,22.0,-2.48,9.51,-0.59,22.2,-2.52,22.2,17.0,-2.07,17.0,74,3014,成交值僅 1.0 億
"=""3017""",奇鋐,2050.0,25Q4,1396.0,94.6,360.0,114.0,192.0,135.0,25.8,2.3,15.0,2.19,49.17,27.96,49.9,18.9,49.9,16.1,5.4,16.1,60,3017,盈虧比不足或已破支撐
"=""3030""",德律,255.5,25Q4,84.7,33.2,49.4,30.6,24.8,35.0,58.4,-1.19,29.3,0.38,10.49,2.71,27.7,3.97,27.7,22.2,2.95,22.2,81,3030,技術面未達標
"=""3034""",聯詠,385.0,25Q4,1007.0,-2.07,379.0,-8.59,163.0,-19.6,37.7,-2.69,16.2,-3.55,26.87,-6.56,24.1,-6.0,24.1,16.4,-3.3,16.4,66,3034,技術面未達標
"=""3044""",健鼎,363.0,25Q4,734.0,11.5,190.0,24.2,102.0,22.0,25.9,2.64,13.9,1.19,19.45,3.5,19.6,1.73,19.6,11.0,0.78,11.0,57,3044,技術面未達標
"=""3081""",聯亞,1640.0,25Q4,22.0,82.3,9.41,294.0,4.28,886.0,42.7,22.9,19.4,24.0,4.66,5.25,10.8,12.2,10.8,9.21,10.5,9.21,72,3081,技術面未達標
"=""3088""",艾訊,83.8,25Q4,70.2,1.82,24.0,-5.58,5.01,-34.8,34.2,-2.68,7.25,-3.93,4.68,-2.85,10.3,-7.06,10.3,6.92,-3.99,6.92,57,3088,成交值僅 0.3 億
"=""3211""",順達,325.0,25Q4,132.0,-4.98,21.9,38.4,13.8,-48.3,16.6,5.2,10.5,-8.76,9.05,-8.54,13.4,-14.6,13.4,8.65,-7.72,8.65,51,3211,技術面未達標
"=""3217""",優群,159.5,25Q4,41.5,19.4,20.7,19.1,11.4,12.8,49.9,-0.15,27.6,-1.62,12.69,1.44,24.5,1.86,24.5,19.0,0.92,19.0,77,3217,成交值僅 1.2 億
"=""3218""",大學光,140.5,25Q4,42.0,-0.57,24.8,-2.0,10.4,-2.07,59.1,-0.86,25.1,0.25,12.31,-0.26,26.6,-2.94,26.6,17.8,-1.49,17.8,81,3218,成交值僅 0.2 億
"=""3303""",岱稜,47.4,25Q4,30.1,0.49,11.3,-2.03,4.28,16.9,37.5,-0.96,14.5,2.01,4.57,0.67,18.5,0.88,18.5,11.3,0.28,11.3,62,3303,成交值僅 0.1 億
"=""3406""",玉晶光,445.0,25Q4,250.0,7.77,81.2,1.6,37.0,-14.4,32.5,-1.97,14.8,-3.87,32.84,-5.51,14.5,-4.45,14.5,8.56,-1.66,8.56,64,3406,技術面未達標
"=""3416""",融程電,150.5,25Q4,36.4,19.1,14.5,18.7,5.91,5.64,39.9,-0.13,16.1,-1.96,7.39,0.35,17.0,-0.18,17.0,12.1,-0.75,12.1,64,3416,成交值僅 0.3 億
"=""3529""",力旺,2700.0,25Q4,38.5,6.74,38.5,6.74,19.1,4.23,100.0,0.0,49.8,-0.69,25.6,1.03,51.5,-3.44,51.5,41.6,-2.73,41.6,95,3529,盈虧比不足或已破支撐
"=""3530""",晶相光,61.5,25Q4,18.5,6.6,4.96,298.0,1.35,231.0,26.9,19.7,7.32,13.3,1.74,3.07,5.67,10.1,5.67,5.04,8.64,5.04,57,3530,成交值僅 0.1 億
"=""3533""",嘉澤,2065.0,25Q4,338.0,12.3,173.0,9.92,78.7,-15.2,51.3,-1.1,23.5,-7.65,70.17,-12.6,20.3,-7.58,20.3,15.8,-5.49,15.8,79,3533,盈虧比不足或已破支撐
"=""3546""",宇峻,72.0,25Q4,14.2,2.09,13.3,-2.36,1.15,-60.9,93.3,-4.25,8.09,-13.0,1.97,-3.57,7.31,-11.3,7.31,4.81,-8.83,4.81,57,3546,成交值僅 0.1 億
"=""3556""",禾瑞亞,42.75,25Q4,9.67,1.24,4.61,0.03,1.37,-5.83,47.6,-0.58,12.6,-1.88,2.15,-0.13,9.88,-1.68,9.88,8.17,-1.19,8.17,64,3556,成交值僅 0.0 億
"=""3563""",牧德,724.0,25Q4,31.9,108.0,19.6,122.0,10.1,215.0,61.3,3.69,32.8,12.2,15.8,10.28,19.2,13.1,19.2,16.5,11.1,16.5,85,3563,盈虧比不足或已破支撐
"=""3570""",大塚,170.0,25Q4,24.3,15.7,6.96,11.2,2.38,7.49,28.6,-1.16,9.8,-0.75,13.95,0.97,22.8,-0.38,22.8,15.2,-0.34,15.2,64,3570,成交值僅 0.0 億
"=""3653""",健策,3850.0,25Q4,203.0,42.0,84.3,57.2,52.8,54.0,41.6,4.02,26.2,2.27,36.75,12.6,28.2,2.85,28.2,22.9,2.97,22.9,85,3653,盈虧比不足或已破支撐
"=""3679""",新至陞,121.0,25Q4,44.7,4.97,14.7,12.0,6.15,-29.2,33.0,2.08,13.8,-6.64,9.78,-4.07,12.3,-6.08,12.3,6.81,-3.15,6.81,62,3679,成交值僅 0.1 億
"=""4105""",東洋,80.0,25Q4,64.5,9.49,37.2,8.91,15.6,7.55,57.7,-0.31,25.6,-0.14,6.27,0.44,21.3,-0.41,21.3,14.9,0.25,14.9,72,4105,成交值僅 0.5 億
"=""4107""",邦特,118.0,25Q4,21.4,3.03,9.37,3.52,5.39,2.07,43.9,0.21,25.2,-0.24,7.78,0.16,15.3,-0.63,15.3,11.6,0.19,11.6,82,4107,成交值僅 0.0 億
"=""4157""",太景*-KY,11.55,25Q4,2.59,72.2,2.41,79.4,0.45,217.0,93.0,3.7,17.4,43.0,0.06,0.11,4.19,7.69,4.19,3.86,7.07,3.86,68,4157,成交值僅 0.2 億
"=""4205""",中華食,77.8,25Q4,20.6,1.69,8.24,3.64,4.04,2.3,40.1,0.75,19.7,0.12,4.14,-0.31,18.3,-1.15,18.3,15.4,-0.77,15.4,81,4205,成交值僅 0.0 億
"=""4305""",世坤,43.55,25Q4,10.8,3.54,3.39,20.5,2.11,-3.32,31.4,4.43,19.5,-1.39,3.83,-0.14,17.1,-1.48,17.1,14.7,-1.53,14.7,70,4305,成交值僅 0.0 億
"=""4442""",竣邦-KY,60.3,25Q4,16.7,29.6,4.68,39.0,1.52,72.7,28.0,1.89,9.08,2.27,5.23,2.04,21.1,5.35,21.1,13.6,3.43,13.6,64,4442,成交值僅 0.0 億
"=""4506""",崇友,117.0,25Q4,60.2,9.74,19.6,13.6,11.5,16.8,32.5,1.1,19.2,1.15,6.52,0.94,20.3,1.91,20.3,10.8,0.71,10.8,66,4506,成交值僅 0.0 億
"=""4527""",方土霖,42.35,25Q4,30.7,-15.9,8.08,-11.0,2.59,-19.1,26.3,1.45,8.1,-0.62,3.4,-0.8,13.1,-4.37,13.1,7.25,-1.69,7.25,49,4527,成交值僅 0.0 億
"=""4530""",宏易,29.0,25Q4,3.49,456.0,1.38,399.0,0.09,114.0,39.4,-4.43,5.87,104.0,0.34,1.62,5.36,32.3,5.36,4.05,25.0,4.05,55,4530,成交值僅 0.0 億
"=""4541""",晟田,41.85,25Q4,16.4,16.1,3.76,75.2,1.37,61.4,22.9,7.72,8.33,2.34,2.03,0.77,8.22,2.84,8.22,3.52,1.33,3.52,45,4541,成交值僅 0.2 億
"=""4588""",玖鼎電力,59.1,25Q4,9.2,-14.1,3.06,-18.7,1.37,-23.6,33.2,-1.88,14.9,-1.86,3.2,-1.02,14.9,-8.32,14.9,6.7,-2.65,6.7,50,4588,成交值僅 0.1 億
"=""4721""",美琪瑪,71.8,25Q4,25.3,19.3,4.63,10.6,2.26,-10.4,18.3,-1.44,8.92,-2.95,3.01,-0.35,16.9,-3.78,16.9,11.0,-3.23,11.0,51,4721,成交值僅 0.6 億
"=""4728""",雙美,392.5,25Q4,20.3,11.4,15.9,7.44,7.26,6.82,78.4,-2.93,35.8,-1.55,13.33,0.86,46.4,0.13,46.4,34.4,2.47,34.4,95,4728,成交值僅 0.1 億
"=""4931""",新盛力,140.0,25Q4,24.5,22.9,5.35,32.0,2.04,26.0,21.8,1.51,8.3,0.21,3.13,0.63,16.9,2.52,16.9,10.7,0.24,10.7,53,4931,技術面未達標
"=""4933""",友輝,60.5,25Q4,30.1,2.41,9.6,6.76,4.73,-17.9,31.9,1.3,15.7,-3.88,5.77,-1.3,12.7,-3.5,12.7,9.83,-2.72,9.83,66,4933,成交值僅 0.2 億
"=""4951""",精拓科,69.4,25Q4,5.41,4.88,4.11,8.12,2.04,40.9,76.1,2.28,37.8,10.1,5.98,1.73,21.6,5.27,21.6,18.9,4.69,18.9,91,4951,成交值僅 0.1 億
"=""4987""",科誠,81.1,25Q4,13.4,3.89,5.8,6.09,2.03,-2.0,43.2,0.89,15.1,-0.91,6.36,-0.13,16.5,-1.53,16.5,12.4,-1.45,12.4,64,4987,成交值僅 0.1 億
"=""4995""",晶達,41.3,25Q4,12.9,-7.32,4.05,-18.5,0.95,-50.1,31.4,-4.3,7.4,-6.34,2.25,-2.28,9.76,-9.83,9.76,5.5,-5.58,5.5,49,4995,成交值僅 0.0 億
"=""5007""",三星,56.6,25Q4,62.2,-8.86,14.8,-15.7,8.91,-15.7,23.9,-1.94,14.6,-1.03,3.02,-0.56,12.0,-2.33,12.0,10.3,-1.78,10.3,68,5007,成交值僅 0.0 億
"=""5210""",寶碩,21.85,25Q4,2.78,9.95,2.05,19.2,0.6,208.0,73.7,5.73,21.6,43.7,0.73,1.56,7.8,17.5,7.8,6.97,14.6,6.97,72,5210,成交值僅 0.0 億
"=""5212""",凌網,55.0,25Q4,13.2,15.9,6.86,17.1,1.64,23.5,52.1,0.55,12.7,0.9,4.74,0.9,26.1,3.23,26.1,11.7,0.06,11.7,64,5212,成交值僅 0.0 億
"=""5236""",凌陽創新,128.5,25Q4,20.0,10.0,11.6,6.36,5.15,6.87,57.8,-1.98,25.8,-0.76,8.59,0.34,19.6,0.77,19.6,16.6,0.62,16.6,84,5236,成交值僅 0.1 億
"=""5274""",信驊,11750.0,25Q4,90.8,40.6,61.8,48.7,39.3,52.8,68.0,3.71,43.2,3.43,103.92,35.88,59.5,5.18,59.5,43.5,1.59,43.5,91,5274,盈虧比不足或已破支撐
"=""5287""",數字,169.0,25Q4,23.2,2.49,16.1,1.75,8.36,10.0,69.2,-0.51,36.1,2.57,13.93,1.26,34.2,-0.42,34.2,19.7,-0.03,19.7,84,5287,成交值僅 0.5 億
"=""5288""",豐祥-KY,142.0,25Q4,68.1,-6.57,15.2,-5.95,8.48,-25.7,22.4,0.15,12.5,-3.18,12.25,-4.76,13.8,-6.66,13.8,11.2,-4.64,11.2,64,5288,成交值僅 0.3 億
"=""5403""",中菲,109.5,25Q4,34.1,7.88,13.5,9.37,6.32,2.11,39.6,0.54,18.6,-1.05,8.57,0.13,23.2,-1.23,23.2,13.1,-0.45,13.1,66,5403,成交值僅 0.2 億
"=""5515""",建國,38.3,25Q4,71.0,15.9,11.8,48.8,9.04,32.5,16.6,3.68,12.7,1.6,4.48,1.57,17.7,3.8,17.7,8.99,1.05,8.99,55,5515,成交值僅 0.6 億
"=""5703""",亞都,13.85,25Q4,4.49,5.62,1.97,23.5,0.37,172.0,43.9,6.37,8.26,5.05,0.53,0.34,7.33,4.49,7.33,3.82,2.38,3.82,57,5703,成交值僅 0.0 億
"=""6139""",亞翔,593.0,25Q4,775.0,19.0,124.0,52.3,71.4,64.8,16.0,3.49,11.9,3.25,30.51,11.78,39.0,7.87,39.0,12.8,3.02,12.8,64,6139,技術面未達標
"=""6143""",振曜,99.7,25Q4,85.2,15.0,19.0,21.9,5.56,-11.8,22.2,1.26,9.17,-1.46,6.46,-0.87,15.8,-1.92,15.8,9.96,-0.99,9.96,55,6143,成交值僅 0.6 億
"=""6146""",耕興,202.0,25Q4,44.9,-1.34,20.7,-9.41,11.0,-15.0,46.1,-4.11,25.7,-3.81,10.77,-1.89,18.7,-4.03,18.7,14.4,-2.85,14.4,74,6146,成交值僅 0.8 億
"=""6183""",關貿,92.5,25Q4,27.5,7.77,11.9,10.8,5.86,14.8,43.4,1.18,21.3,1.29,3.9,0.5,21.1,1.9,21.1,13.0,0.39,13.0,72,6183,成交值僅 0.0 億
"=""6187""",萬潤,819.0,25Q4,53.7,-3.04,29.1,7.24,14.9,13.3,54.3,5.21,27.9,4.21,15.46,0.89,21.4,-7.76,21.4,16.3,-3.47,16.3,83,6187,技術面未達標
"=""6197""",佳必琪,195.5,25Q4,75.8,12.0,26.0,16.1,10.6,-0.18,34.3,1.19,14.9,-1.96,8.67,-0.02,22.9,-5.31,22.9,13.8,-3.64,13.8,66,6197,技術面未達標
"=""6203""",海韻電,66.7,25Q4,27.7,37.2,9.63,88.7,4.54,57.3,34.7,9.49,16.4,2.09,5.51,2.01,15.0,5.37,15.0,12.3,4.87,12.3,72,6203,成交值僅 0.1 億
"=""6206""",飛捷,101.0,25Q4,50.3,9.26,22.2,10.6,9.86,-0.54,44.1,0.52,19.2,-1.66,6.9,-0.03,18.6,-0.91,18.6,15.7,-0.63,15.7,74,6206,成交值僅 1.1 億
"=""6231""",系微,270.0,25Q4,16.9,4.64,12.5,0.19,3.04,-9.71,73.9,-3.28,18.0,-2.86,6.66,-0.71,26.0,-6.35,26.0,18.1,-3.99,18.1,73,6231,技術面未達標
"=""6246""",臺龍,16.3,25Q4,16.0,6.56,1.93,32.7,0.43,187.0,12.1,2.38,2.7,6.03,1.14,2.46,10.6,23.0,10.6,3.31,7.24,3.31,36,6246,成交值僅 0.0 億
"=""6257""",矽格,132.5,25Q4,196.0,7.51,57.2,20.3,29.5,6.59,29.2,3.11,17.0,-0.4,6.14,0.25,13.9,-0.9,13.9,8.06,-0.16,8.06,60,6257,技術面未達標
"=""6263""",普萊德,125.0,25Q4,18.8,0.24,8.79,-0.45,5.2,-3.4,46.7,-0.32,27.6,-1.04,8.32,-0.29,29.7,-1.98,29.7,23.6,-0.84,23.6,85,6263,成交值僅 0.1 億
"=""6265""",方土昶,47.55,25Q4,9.1,62.9,1.9,440.0,0.8,226.0,20.9,14.6,8.81,4.41,0.68,0.47,5.75,3.9,5.75,5.06,3.45,5.06,53,6265,技術面未達標
"=""6290""",良維,224.0,25Q4,102.0,26.3,31.9,59.7,14.1,39.1,31.4,6.56,14.0,1.3,8.73,2.32,18.9,2.75,18.9,13.8,2.22,13.8,57,6290,技術面未達標
"=""6291""",沛亨,357.5,25Q4,21.3,16.7,7.44,30.8,2.77,7.63,35.0,3.76,12.8,1.42,6.6,0.47,18.4,5.82,18.4,12.0,3.33,12.0,57,6291,盈虧比不足或已破支撐
"=""6409""",旭隼,752.0,25Q4,205.0,-10.0,59.6,-15.1,35.2,-16.3,29.0,-1.74,17.2,-1.27,40.23,-7.9,36.1,-9.84,36.1,20.5,-5.75,20.5,64,6409,技術面未達標
"=""6442""",光聖,2045.0,25Q4,105.0,64.2,60.8,70.5,17.8,68.2,57.7,2.13,16.9,0.42,23.46,9.16,33.7,-3.0,33.7,17.4,-2.97,17.4,72,6442,技術面未達標
"=""6446""",藥華藥,640.0,25Q4,156.0,60.6,140.0,63.0,50.5,70.1,89.2,1.32,32.3,1.81,13.64,4.68,17.0,5.44,17.0,14.7,4.57,14.7,85,6446,技術面未達標
"=""6482""",弘煜科,31.85,25Q4,4.96,-10.1,4.86,-11.3,0.66,-21.3,98.0,-1.36,13.5,-1.92,2.32,-1.21,16.2,-7.6,16.2,12.4,-4.51,12.4,68,6482,成交值僅 0.0 億
"=""6486""",互動,84.5,25Q4,26.9,6.12,8.66,5.65,2.94,2.55,32.2,-0.14,11.0,-0.27,5.78,-0.09,14.6,-0.51,14.6,8.44,-0.28,8.44,55,6486,成交值僅 0.1 億
"=""6498""",久禾光,94.5,25Q4,12.4,19.8,5.91,23.7,2.92,27.7,47.8,1.54,23.6,1.46,6.51,0.94,23.2,-2.65,23.2,14.4,-0.64,14.4,73,6498,成交值僅 0.6 億
"=""6515""",穎崴,7930.0,25Q4,78.6,35.5,35.6,40.4,16.7,41.1,45.3,1.57,21.3,0.84,46.93,12.62,27.9,1.65,27.9,20.1,1.08,20.1,74,6515,技術面未達標
"=""6517""",保勝光學,57.6,25Q4,4.9,-1.73,1.83,-8.92,0.5,-55.6,37.3,-2.95,10.1,-12.3,1.63,-2.04,7.44,-10.3,7.44,6.37,-8.5,6.37,59,6517,成交值僅 0.1 億
"=""6523""",達爾膚,118.0,25Q4,11.7,-5.92,8.06,-8.26,3.5,-26.5,69.0,-1.76,30.0,-8.37,7.78,-2.79,24.9,-7.58,24.9,21.0,-6.13,21.0,87,6523,成交值僅 0.0 億
"=""6525""",捷敏-KY,83.7,25Q4,53.3,14.0,14.2,34.1,7.59,14.2,26.7,3.99,14.2,0.02,5.88,0.73,16.5,1.15,16.5,11.3,0.88,11.3,62,6525,成交值僅 0.2 億
"=""6531""",愛普*,553.0,25Q4,56.7,35.2,26.3,22.7,12.6,-20.3,46.5,-4.7,21.9,-15.8,7.74,-1.99,10.2,-3.37,10.2,8.94,-3.43,8.94,79,6531,盈虧比不足或已破支撐
"=""6548""",長科*,45.45,25Q4,134.0,12.0,29.1,1.01,15.0,-20.7,21.7,-2.37,11.5,-4.57,1.63,-0.39,13.4,-4.15,13.4,6.98,-2.32,6.98,55,6548,成交值僅 1.5 億
"=""6561""",是方,351.5,25Q4,39.4,3.97,20.7,15.3,12.3,14.0,52.6,5.16,31.2,2.8,15.75,1.93,32.6,3.96,32.6,16.4,1.77,16.4,83,6561,成交值僅 0.2 億
"=""6581""",鋼聯,111.0,25Q4,22.1,-7.05,11.3,-11.1,6.87,-17.4,51.0,-2.34,31.1,-3.88,6.17,-1.3,15.3,-4.04,15.3,12.7,-4.0,12.7,89,6581,成交值僅 0.0 億
"=""6584""",南俊國際,502.0,25Q4,24.3,26.4,8.51,69.5,3.7,92.5,35.0,8.89,15.2,5.22,5.59,2.65,13.8,4.52,13.8,8.89,3.72,8.89,62,6584,盈虧比不足或已破支撐
"=""6590""",普鴻,73.6,25Q4,6.64,13.2,3.19,28.8,1.26,17.3,48.0,5.83,20.7,1.28,5.12,0.08,17.7,2.36,17.7,12.1,1.66,12.1,72,6590,成交值僅 0.0 億
"=""6613""",朋億*,210.0,25Q4,89.2,-14.1,28.9,-6.77,10.4,-18.7,32.4,2.56,14.8,0.29,13.37,-3.73,19.2,-7.25,19.2,10.9,-2.32,10.9,64,6613,成交值僅 2.1 億
"=""6643""",M31,484.0,25Q4,17.8,20.3,17.8,20.3,0.71,-44.4,100.0,0.0,3.96,-4.61,1.69,-1.36,3.7,-2.68,3.7,3.27,-2.31,3.27,57,6643,技術面未達標
"=""6651""",全宇昕,92.7,25Q4,15.0,3.91,5.21,1.93,2.18,-22.9,34.7,-0.67,14.5,-5.06,6.32,-1.9,17.0,-6.2,17.0,13.6,-2.07,13.6,57,6651,成交值僅 0.1 億
"=""6667""",信紘科,248.0,25Q4,63.5,75.2,12.9,51.1,6.54,48.7,20.3,-3.24,10.1,-1.92,13.77,4.08,28.2,2.57,28.2,11.9,0.54,11.9,62,6667,成交值僅 1.0 億
"=""6670""",復盛應用,281.0,25Q4,298.0,5.01,75.8,0.22,31.2,-17.8,25.4,-1.21,11.6,-2.75,22.45,-5.72,19.5,-8.41,19.5,12.2,-5.38,12.2,57,6670,成交值僅 1.6 億
"=""6683""",雍智科技,1285.0,25Q4,21.4,23.0,9.86,7.09,4.19,-12.7,46.1,-6.87,19.6,-8.02,15.42,-2.27,15.9,-4.19,15.9,13.0,-3.97,13.0,70,6683,技術面未達標
"=""6703""",軒郁,121.0,25Q4,32.9,-8.29,20.6,-7.25,3.24,7.92,62.6,0.7,9.66,1.63,9.9,-0.26,24.2,2.41,24.2,14.1,1.08,14.1,62,6703,成交值僅 0.1 億
"=""6712""",長聖,141.5,25Q4,10.2,8.96,7.21,17.2,4.29,16.9,70.9,4.96,42.2,2.88,4.88,0.33,25.9,5.67,25.9,20.7,3.3,20.7,81,6712,成交值僅 0.3 億
"=""6725""",矽科宏晟,232.5,25Q4,38.2,21.0,8.88,-8.73,4.29,-30.4,23.3,-7.58,11.2,-8.3,12.98,-5.7,22.3,-28.3,22.3,11.7,-8.42,11.7,60,6725,成交值僅 0.3 億
"=""6735""",美達科技,56.5,25Q4,3.43,-4.81,1.62,-17.3,0.15,-84.0,47.1,-7.15,4.38,-21.6,0.33,-1.8,1.52,-8.02,1.52,1.37,-7.23,1.37,57,6735,成交值僅 0.0 億
"=""6739""",竹陞科技,1200.0,25Q4,8.06,96.7,5.3,120.0,3.75,194.0,65.8,6.94,46.5,15.4,16.13,10.1,42.1,19.1,42.1,33.9,15.7,33.9,89,6739,盈虧比不足或已破支撐
"=""6741""",91APP*-KY,61.0,25Q4,18.1,11.6,13.4,11.3,5.08,1.95,74.2,-0.16,28.2,-2.53,4.4,0.18,15.8,-0.59,15.8,10.1,-0.68,10.1,77,6741,成交值僅 0.2 億
"=""6753""",龍德造船,130.5,25Q4,52.5,2.49,10.4,-10.3,6.84,-3.24,19.9,-2.84,13.0,-0.77,5.98,-0.27,16.3,-4.71,16.3,6.44,-0.91,6.44,55,6753,成交值僅 0.6 億
"=""6757""",台灣虎航,52.9,25Q4,169.0,2.9,46.8,-9.09,24.7,-11.0,27.7,-3.65,14.6,-2.28,5.37,-0.79,33.0,-13.7,33.0,10.2,-3.47,10.2,57,6757,成交值僅 0.3 億
"=""6782""",視陽,210.0,25Q4,42.2,15.0,19.1,33.9,8.87,39.4,45.2,6.39,21.0,3.61,14.08,3.98,21.7,2.68,21.7,15.7,2.96,15.7,77,6782,成交值僅 0.6 億
"=""6788""",華景電,362.5,25Q4,25.8,20.0,15.1,18.4,6.73,31.1,58.3,-0.75,25.9,2.43,17.36,3.02,25.1,0.63,25.1,18.5,1.28,18.5,84,6788,技術面未達標
"=""6805""",富世達,2000.0,25Q4,124.0,51.6,32.7,79.0,21.3,73.2,26.3,4.03,17.1,2.13,31.0,13.1,33.4,9.16,33.4,15.5,4.17,15.5,66,6805,盈虧比不足或已破支撐
"=""6856""",鑫傳,50.8,25Q4,7.64,19.2,5.21,20.2,0.74,-36.3,68.2,0.53,9.4,-8.38,2.62,-1.5,8.7,-5.37,8.7,6.71,-4.85,6.71,62,6856,成交值僅 0.0 億
"=""6887""",寶綠特-KY,42.6,25Q4,47.9,-12.0,11.0,-5.96,3.33,-32.1,22.9,1.48,6.94,-2.05,4.58,-2.93,12.9,-10.6,12.9,7.5,-4.19,7.5,52,6887,成交值僅 0.0 億
"=""6894""",衛司特,369.5,25Q4,13.8,40.7,5.03,35.7,2.62,29.2,36.5,-1.32,19.5,-1.77,10.99,2.49,17.1,3.05,17.1,13.0,2.01,13.0,66,6894,成交值僅 0.7 億
"=""6903""",巨漢,304.5,25Q4,36.0,24.9,9.97,14.0,7.06,18.7,27.7,-2.64,19.6,-1.02,10.62,1.34,21.8,-0.28,21.8,15.9,-1.58,15.9,66,6903,盈虧比不足或已破支撐
"=""6906""",現觀科,68.7,25Q4,3.48,-11.6,3.02,-9.05,0.61,-48.6,86.8,2.42,17.6,-12.7,1.87,-1.69,7.28,-8.88,7.28,6.0,-7.1,6.0,66,6906,成交值僅 0.0 億
"=""6914""",阜爾運通,150.0,25Q4,56.8,20.4,12.4,29.0,6.36,38.6,21.9,1.47,11.2,1.47,9.6,2.46,17.8,1.78,17.8,6.53,0.94,6.53,55,6914,成交值僅 0.1 億
"=""6924""",榮惠-KY創,78.0,25Q4,16.9,-3.92,3.8,-6.21,1.18,-16.9,22.4,-0.55,6.99,-1.09,5.68,-1.62,20.4,-10.9,20.4,11.0,-4.5,11.0,52,6924,成交值僅 0.0 億
"=""6951""",青新-創,79.2,25Q4,8.66,23.9,5.1,26.9,2.48,17.6,59.0,1.39,28.6,-1.43,5.39,0.52,22.3,-2.03,22.3,15.6,-0.26,15.6,85,6951,成交值僅 0.1 億
"=""6953""",家碩,215.5,25Q4,13.2,1.72,6.09,6.22,2.4,-0.03,46.0,1.95,18.1,-0.32,7.99,-0.26,15.1,-5.75,15.1,9.18,-1.4,9.18,66,6953,成交值僅 0.1 億
"=""6996""",力領科技,169.5,25Q4,26.9,-9.4,10.8,-9.57,5.06,-14.0,40.2,-0.08,18.8,-1.01,12.15,-3.22,18.6,-8.24,18.6,14.6,-5.74,14.6,68,6996,成交值僅 0.1 億
"=""7631""",聚賢研發-創,116.0,25Q4,11.0,29.6,3.03,14.1,1.26,36.7,27.5,-3.73,11.5,0.6,6.56,1.05,18.7,0.05,18.7,10.1,-0.34,10.1,64,7631,成交值僅 0.0 億
"=""7713""",威力德生醫,72.5,25Q4,11.1,11.9,3.71,17.3,2.09,22.5,33.4,1.53,18.8,1.63,4.64,0.55,19.2,-0.17,19.2,9.38,0.24,9.38,57,7713,成交值僅 0.0 億
"=""7714""",創泓科技,131.0,25Q4,18.0,45.1,3.44,25.3,1.32,40.0,19.1,-3.01,7.33,-0.27,6.33,1.26,30.8,-3.08,30.8,15.7,0.74,15.7,55,7714,成交值僅 0.1 億
"=""7750""",新代,1340.0,25Q4,140.0,29.2,63.9,34.8,22.8,66.3,45.8,1.9,16.4,3.65,35.12,12.81,28.1,-6.22,28.1,16.9,0.47,16.9,70,7750,技術面未達標
"=""7757""",金色三麥,107.0,25Q4,23.0,4.2,12.6,3.25,2.01,-8.5,54.8,-0.5,8.79,-1.23,8.97,-1.04,20.5,-6.32,20.5,11.2,-2.59,11.2,64,7757,成交值僅 0.0 億
"=""7769""",鴻勁,4105.0,25Q4,303.0,116.0,171.0,122.0,124.0,134.0,56.5,1.51,40.8,3.06,75.71,42.76,34.5,-6.14,34.5,26.0,-1.3,26.0,91,7769,技術面未達標
"=""7770""",君曜,49.2,25Q4,5.13,12.8,1.8,-12.3,0.82,-41.8,35.1,-10.1,16.0,-15.0,3.0,-2.27,15.0,-18.0,15.0,11.1,-8.85,11.1,68,7770,成交值僅 0.0 億
"=""7805""",威聯通,655.0,25Q4,62.5,5.8,35.4,4.53,13.5,13.9,56.6,-0.68,21.6,1.53,44.56,26.98,19.6,3.55,19.6,15.0,2.65,15.0,74,7805,成交值僅 0.7 億
"=""7810""",捷創科技,223.5,25Q4,5.94,34.6,3.03,47.7,1.13,66.1,50.9,4.53,19.0,3.61,6.25,1.84,14.4,1.02,14.4,12.0,1.66,12.0,74,7810,成交值僅 0.9 億
"=""7823""",奧義賽博-KY創,81.0,25Q4,3.69,22.7,3.0,12.5,-0.46,-1292.0,81.4,-7.42,-12.5,-11.9,-1.49,-1.39,-20.2,-19.0,-20.2,-8.94,-8.51,-8.94,43,7823,資料不足 (24 筆)
"=""8016""",矽創,201.0,25Q4,190.0,6.59,58.2,-4.27,17.5,-5.58,30.6,-3.48,11.7,-2.05,14.66,-0.76,13.6,-2.3,13.6,10.2,-1.73,10.2,66,8016,成交值僅 2.8 億
"=""8048""",德勝,60.9,25Q4,10.1,-0.76,3.5,9.47,1.54,12.8,34.7,3.24,15.2,1.83,2.67,0.31,13.3,1.7,13.3,10.8,1.92,10.8,68,8048,成交值僅 0.6 億
"=""8064""",東捷,64.4,25Q4,28.7,10.2,8.1,18.2,2.25,72.2,28.2,1.9,9.29,2.62,1.36,0.57,7.88,2.52,7.88,4.69,1.77,4.69,51,8064,技術面未達標
"=""8081""",致新,236.0,25Q4,86.7,5.0,33.8,3.76,15.2,-0.82,39.0,-0.47,17.9,-1.21,17.76,-0.15,16.7,-1.26,16.7,13.7,-0.9,13.7,66,8081,成交值僅 1.1 億
"=""8109""",博大,102.0,25Q4,17.4,15.0,8.6,18.4,5.08,-4.53,49.4,1.39,29.2,-5.98,6.18,-0.3,16.5,-1.09,16.5,13.4,-0.98,13.4,83,8109,成交值僅 0.1 億
"=""8210""",勤誠,912.0,25Q4,220.0,51.6,65.9,74.0,35.6,84.0,30.0,3.87,16.6,3.05,29.06,13.01,39.9,9.21,39.9,18.3,5.38,18.3,64,8210,技術面未達標
"=""8272""",全景軟體,76.6,25Q4,4.78,15.9,3.57,13.9,0.88,24.8,74.6,-1.28,18.5,1.32,4.66,0.62,14.9,0.47,14.9,10.7,0.72,10.7,70,8272,成交值僅 0.0 億
"=""8284""",三竹,63.9,25Q4,29.6,6.07,6.74,2.58,2.2,-14.7,22.8,-0.77,7.43,-1.81,4.74,-0.82,16.2,-3.75,16.2,10.6,-2.24,10.6,60,8284,成交值僅 0.0 億
"=""8342""",益張,84.0,25Q4,16.4,-5.89,4.15,-6.47,2.0,-21.9,25.3,-0.16,12.3,-2.43,5.97,-1.67,18.7,-7.04,18.7,11.3,-3.29,11.3,64,8342,成交值僅 0.0 億
"=""8401""",白紗科,26.9,25Q4,15.4,-0.87,4.73,-0.31,1.86,8.73,30.6,0.17,12.0,1.06,2.63,0.04,15.9,-0.18,15.9,11.6,-0.05,11.6,59,8401,成交值僅 0.0 億
"=""8426""",紅木-KY,25.7,25Q4,27.1,-5.62,7.2,-20.4,0.93,-63.2,26.6,-4.95,3.44,-5.38,1.85,-3.18,7.26,-14.1,7.26,3.79,-7.03,3.79,49,8426,成交值僅 0.0 億
"=""8435""",鉅邁,58.0,25Q4,6.18,-14.3,3.19,-10.3,1.24,-16.6,51.6,2.29,20.1,-0.54,3.91,-0.77,15.4,-3.18,15.4,12.7,-2.29,12.7,77,8435,成交值僅 0.0 億
"=""8436""",大江,122.5,25Q4,69.9,-3.47,30.8,-3.04,9.55,12.2,44.1,0.2,15.9,2.4,8.68,1.08,11.9,1.83,11.9,7.78,0.78,7.78,68,8436,成交值僅 0.5 億
"=""8446""",華研,99.0,25Q4,10.8,-21.1,7.27,-15.7,5.45,-9.95,67.0,4.32,50.2,6.21,10.3,-1.14,25.1,-5.72,25.1,18.7,-0.97,18.7,85,8446,成交值僅 0.2 億
"=""8464""",億豐,384.0,25Q4,300.0,1.47,176.0,4.24,66.0,-4.37,58.8,1.57,23.1,-0.96,22.53,-1.03,23.7,-3.39,23.7,17.8,-2.39,17.8,83,8464,成交值僅 3.0 億
"=""8487""",愛爾達-創,79.9,25Q4,10.2,-31.5,2.77,-28.9,1.07,-40.4,27.2,0.98,10.5,-1.56,4.03,-2.82,15.6,-13.4,15.6,10.5,-8.77,10.5,60,8487,成交值僅 0.0 億
"=""8930""",青鋼,32.45,25Q4,14.2,-7.81,3.83,-5.93,1.96,-20.4,26.9,0.54,13.8,-2.17,2.4,-0.61,13.0,-3.16,13.0,9.27,-1.75,9.27,64,8930,成交值僅 0.0 億
"=""8940""",新天地,18.7,25Q4,15.9,-6.42,7.8,-9.94,0.37,351.0,49.1,-1.92,2.82,1.38,0.55,0.43,5.32,2.32,5.32,2.04,0.92,2.04,51,8940,成交值僅 0.0 億
"=""8996""",高力,911.0,25Q4,65.8,64.4,18.0,50.6,8.3,39.9,27.3,-2.51,12.6,-2.21,9.07,2.51,21.8,2.48,21.8,11.7,0.81,11.7,57,8996,盈虧比不足或已破支撐
"=""9911""",櫻花,90.8,25Q4,103.0,7.02,36.3,6.77,13.7,5.54,35.3,-0.08,13.4,-0.09,6.27,0.33,20.2,-0.28,20.2,12.6,-0.24,12.6,64,9911,成交值僅 0.3 億
"=""9917""",中保科,113.5,25Q4,190.0,6.29,61.8,6.25,30.1,5.7,32.6,-0.01,16.1,-0.08,6.77,0.35,22.1,0.31,22.1,10.3,-0.15,10.3,64,9917,成交值僅 1.0 億
"=""9943""",好樂迪,58.9,25Q4,24.1,-7.26,12.2,-9.88,4.57,-30.2,50.4,-1.46,19.1,-6.32,5.4,-2.34,11.5,-4.74,11.5,8.27,-3.26,8.27,62,9943,成交值僅 0.1 億
